1;2;3;4;5;6;7;8;9;10;11;12;13;14;15;16;17;18;19;20;21;22;23;24;25;26;27
Schluessel;Straftat;Fallstatus;Opfer insgesamt - Anzahl;Opfer insgesamt maennlich- Anzahl;Opfer insgesamt weiblich- Anzahl;Erwachsene ab 21 Jahre;Erwachsene ab 21 Jahre - maennlich;Erwachsene ab 21 Jahre - weiblich;Erwachsene ab 60 Jahre insgesamt;Erwachsene ab 60 Jahre - maennlich;Erwachsene ab 60 Jahre - weiblich;Erwachsene 60 bis unter 65 Jahre - insgesamt;Erwachsene 60 bis unter 65 Jahre - maennlich;Erwachsene 60 bis unter 65 Jahre - weiblich;Erwachsene 65 bis unter 70 Jahre - insgesamt;Erwachsene 65 bis unter 70 Jahre - maennlich;Erwachsene 65 bis unter 70 Jahre - weiblich;Erwachsene 70 bis unter 75 Jahre - insgesamt;Erwachsene 70 bis unter 75 Jahre - maennlich;Erwachsene 70 bis unter 75 Jahre - weiblich;Erwachsene 75 bis unter 80 Jahre - insgesamt;Erwachsene 75 bis unter 80 Jahre - maennlich;Erwachsene 75 bis unter 80 Jahre - weiblich;Erwachsene 80 Jahre und aelter;Erwachsene 80 Jahre und aelter - maennlich;Erwachsene 80 Jahre und aelter - weiblich
------;Straftaten insgesamt;voll.;916,685;529,461;387,224;714,264;420,024;294,240;68,191;39,474;28,717;27,590;17,118;10,472;15,922;9,607;6,315;9,897;5,712;4,185;6,322;3,416;2,906;8,460;3,621;4,839
------;Straftaten insgesamt;vers.;69,105;43,826;25,279;55,168;35,415;19,753;7,156;4,195;2,961;2,661;1,739;922;1,476;914;562;950;560;390;610;343;267;1,459;639;820
------;Straftaten insgesamt;insg.;985,790;573,287;412,503;769,432;455,439;313,993;75,347;43,669;31,678;30,251;18,857;11,394;17,398;10,521;6,877;10,847;6,272;4,575;6,932;3,759;3,173;9,919;4,260;5,659
10000;Mord § 211 StGB;voll.;257;115;142;210;92;118;69;24;45;14;5;9;10;3;7;13;7;6;10;3;7;22;6;16
10000;Mord § 211 StGB;vers.;668;443;225;586;391;195;105;67;38;34;26;8;21;15;6;15;9;6;10;5;5;25;12;13
10000;Mord § 211 StGB;insg.;925;558;367;796;483;313;174;91;83;48;31;17;31;18;13;28;16;12;20;8;12;47;18;29
10079;Sonstiger Mord;voll.;228;105;123;185;83;102;55;19;36;10;4;6;7;2;5;12;6;6;7;2;5;19;5;14
10079;Sonstiger Mord;vers.;650;431;219;570;380;190;102;66;36;34;26;8;21;15;6;15;9;6;9;5;4;23;11;12
10079;Sonstiger Mord;insg.;878;536;342;755;463;292;157;85;72;44;30;14;28;17;11;27;15;12;16;7;9;42;16;26
11000;Mord im Zusammenhang mit Raubdelikten;voll.;20;9;11;20;9;11;12;5;7;3;1;2;3;1;2;1;1;0;2;1;1;3;1;2
11000;Mord im Zusammenhang mit Raubdelikten;vers.;16;12;4;15;11;4;3;1;2;0;0;0;0;0;0;0;0;0;1;0;1;2;1;1
11000;Mord im Zusammenhang mit Raubdelikten;insg.;36;21;15;35;20;15;15;6;9;3;1;2;3;1;2;1;1;0;3;1;2;5;2;3
12000;Mord im Zusammenhang mit Sexualdelikten;voll.;9;1;8;5;0;5;2;0;2;1;0;1;0;0;0;0;0;0;1;0;1;0;0;0
12000;Mord im Zusammenhang mit Sexualdelikten;vers.;2;0;2;1;0;1;0;0;0;0;0;0;0;0;0;0;0;0;0;0;0;0;0;0
12000;Mord im Zusammenhang mit Sexualdelikten;insg.;11;1;10;6;0;6;2;0;2;1;0;1;0;0;0;0;0;0;1;0;1;0;0;0
20000;Totschlag und Tötung auf Verlangen §§ 212, 213, 216 StGB;voll.;364;195;169;302;163;139;131;53;78;17;9;8;19;14;5;8;3;5;23;7;16;64;20;44
20000;Totschlag und Tötung auf Verlangen §§ 212, 213, 216 StGB;vers.;1,347;1,037;310;1,131;862;269;128;71;57;38;28;10;27;15;12;23;12;11;10;3;7;30;13;17
20000;Totschlag und Tötung auf Verlangen §§ 212, 213, 216 StGB;insg.;1,711;1,232;479;1,433;1,025;408;259;124;135;55;37;18;46;29;17;31;15;16;33;10;23;94;33;61
20010;Totschlag § 212 StGB;voll.;348;192;156;286;160;126;115;50;65;14;8;6;19;14;5;8;3;5;20;7;13;54;18;36
20010;Totschlag § 212 StGB;vers.;1,340;1,036;304;1,124;861;263;125;71;54;38;28;10;26;15;11;23;12;11;10;3;7;28;13;15
20010;Totschlag § 212 StGB;insg.;1,688;1,228;460;1,410;1,021;389;240;121;119;52;36;16;45;29;16;31;15;16;30;10;20;82;31;51
20020;Minder schwerer Totschlag § 213 StGB;voll.;0;0;0;0;0;0;0;0;0;0;0;0;0;0;0;0;0;0;0;0;0;0;0;0
20020;Minder schwerer Totschlag § 213 StGB;vers.;1;0;1;1;0;1;0;0;0;0;0;0;0;0;0;0;0;0;0;0;0;0;0;0
20020;Minder schwerer Totschlag § 213 StGB;insg.;1;0;1;1;0;1;0;0;0;0;0;0;0;0;0;0;0;0;0;0;0;0;0;0
20030;Tötung auf Verlangen § 216 StGB;voll.;16;3;13;16;3;13;16;3;13;3;1;2;0;0;0;0;0;0;3;0;3;10;2;8
20030;Tötung auf Verlangen § 216 StGB;vers.;6;1;5;6;1;5;3;0;3;0;0;0;1;0;1;0;0;0;0;0;0;2;0;2
20030;Tötung auf Verlangen § 216 StGB;insg.;22;4;18;22;4;18;19;3;16;3;1;2;1;0;1;0;0;0;3;0;3;12;2;10
30000;Fahrlässige Tötung § 222 StGB - nicht i.V.m. Verkehrsunfall -;voll.;815;475;340;736;430;306;495;256;239;64;44;20;70;49;21;72;43;29;67;36;31;222;84;138
30000;Fahrlässige Tötung § 222 StGB - nicht i.V.m. Verkehrsunfall -;vers.;0;0;0;0;0;0;0;0;0;0;0;0;0;0;0;0;0;0;0;0;0;0;0;0
30000;Fahrlässige Tötung § 222 StGB - nicht i.V.m. Verkehrsunfall -;insg.;815;475;340;736;430;306;495;256;239;64;44;20;70;49;21;72;43;29;67;36;31;222;84;138
110000;Straftaten gegen die sexuelle Selbstbestimmung §§ 174, 174a, 174b, 174c, 177, 178, 184i, 184j StGB;voll.;29,280;2,297;26,983;15,163;1,179;13,984;778;72;706;274;26;248;134;18;116;103;10;93;78;3;75;189;15;174
110000;Straftaten gegen die sexuelle Selbstbestimmung §§ 174, 174a, 174b, 174c, 177, 178, 184i, 184j StGB;vers.;1,690;122;1,568;1,037;66;971;53;5;48;10;0;10;12;2;10;14;0;14;6;1;5;11;2;9
110000;Straftaten gegen die sexuelle Selbstbestimmung §§ 174, 174a, 174b, 174c, 177, 178, 184i, 184j StGB;insg.;30,970;2,419;28,551;16,200;1,245;14,955;831;77;754;284;26;258;146;20;126;117;10;107;84;4;80;200;17;183
111000;Vergewaltigung, sexuelle Nötigung und sexueller Übergriff im besonders schweren Fall einschl. mit Todesfolge §§ 177, 178 StGB;voll.;9,166;555;8,611;5,082;340;4,742;178;10;168;61;3;58;28;2;26;25;2;23;14;0;14;50;3;47
111000;Vergewaltigung, sexuelle Nötigung und sexueller Übergriff im besonders schweren Fall einschl. mit Todesfolge §§ 177, 178 StGB;vers.;820;44;776;533;30;503;23;2;21;4;0;4;3;0;3;7;0;7;4;1;3;5;1;4
111000;Vergewaltigung, sexuelle Nötigung und sexueller Übergriff im besonders schweren Fall einschl. mit Todesfolge §§ 177, 178 StGB;insg.;9,986;599;9,387;5,615;370;5,245;201;12;189;65;3;62;31;2;29;32;2;30;18;1;17;55;4;51
111700;Vergewaltigung § 177 Abs. 6, 7, 8 StGB;voll.;8,550;493;8,057;4,725;304;4,421;147;7;140;56;3;53;25;2;23;23;0;23;12;0;12;31;2;29
111700;Vergewaltigung § 177 Abs. 6, 7, 8 StGB;vers.;758;38;720;492;27;465;22;2;20;4;0;4;3;0;3;7;0;7;4;1;3;4;1;3
111700;Vergewaltigung § 177 Abs. 6, 7, 8 StGB;insg.;9,308;531;8,777;5,217;331;4,886;169;9;160;60;3;57;28;2;26;30;0;30;16;1;15;35;3;32
111710;Vergewaltigung § 177 Abs. 6 Nr. 1, 2 StGB (ohne Schlüssel 111730);voll.;7,044;349;6,695;3,880;208;3,672;108;5;103;43;2;41;21;1;20;17;0;17;9;0;9;18;2;16
111710;Vergewaltigung § 177 Abs. 6 Nr. 1, 2 StGB (ohne Schlüssel 111730);vers.;670;28;642;434;18;416;16;1;15;3;0;3;3;0;3;6;0;6;2;0;2;2;1;1
111710;Vergewaltigung § 177 Abs. 6 Nr. 1, 2 StGB (ohne Schlüssel 111730);insg.;7,714;377;7,337;4,314;226;4,088;124;6;118;46;2;44;24;1;23;23;0;23;11;0;11;20;3;17
111720;Vergewaltigung im besonders schweren Fall § 177 Abs. 6 Nr. 1, 2 i. V. m. Abs. 7, 8 StGB;voll.;474;41;433;248;22;226;7;0;7;3;0;3;2;0;2;2;0;2;0;0;0;0;0;0
111720;Vergewaltigung im besonders schweren Fall § 177 Abs. 6 Nr. 1, 2 i. V. m. Abs. 7, 8 StGB;vers.;46;6;40;27;5;22;1;0;1;1;0;1;0;0;0;0;0;0;0;0;0;0;0;0
111720;Vergewaltigung im besonders schweren Fall § 177 Abs. 6 Nr. 1, 2 i. V. m. Abs. 7, 8 StGB;insg.;520;47;473;275;27;248;8;0;8;4;0;4;2;0;2;2;0;2;0;0;0;0;0;0
111730;Vergewaltigung von widerstandsunfähigen Personen (§ 177 Abs. 2 Nr. 1, Abs. 4) gem. § 177 Abs. 6 Nr. 1, 2 StGB;voll.;1,032;103;929;597;74;523;32;2;30;10;1;9;2;1;1;4;0;4;3;0;3;13;0;13
111730;Vergewaltigung von widerstandsunfähigen Personen (§ 177 Abs. 2 Nr. 1, Abs. 4) gem. § 177 Abs. 6 Nr. 1, 2 StGB;vers.;42;4;38;31;4;27;5;1;4;0;0;0;0;0;0;1;0;1;2;1;1;2;0;2
111730;Vergewaltigung von widerstandsunfähigen Personen (§ 177 Abs. 2 Nr. 1, Abs. 4) gem. § 177 Abs. 6 Nr. 1, 2 StGB;insg.;1,074;107;967;628;78;550;37;3;34;10;1;9;2;1;1;5;0;5;5;1;4;15;0;15
111800;Sexueller Übergriff und sexuelle Nötigung im besonders schweren Fall § 177 Abs. 1, 2, 4, 5 i. V. m. Abs. 6 Nr. 2, Abs. 7, 8 StGB;voll.;614;62;552;356;36;320;31;3;28;5;0;5;3;0;3;2;2;0;2;0;2;19;1;18
111800;Sexueller Übergriff und sexuelle Nötigung im besonders schweren Fall § 177 Abs. 1, 2, 4, 5 i. V. m. Abs. 6 Nr. 2, Abs. 7, 8 StGB;vers.;62;6;56;41;3;38;1;0;1;0;0;0;0;0;0;0;0;0;0;0;0;1;0;1
111800;Sexueller Übergriff und sexuelle Nötigung im besonders schweren Fall § 177 Abs. 1, 2, 4, 5 i. V. m. Abs. 6 Nr. 2, Abs. 7, 8 StGB;insg.;676;68;608;397;39;358;32;3;29;5;0;5;3;0;3;2;2;0;2;0;2;20;1;19
111810;Sexueller Übergriff im besonders schweren Fall § 177 Abs. 1, 2 (ohne Nr. 1) i. V. m. Abs. 6 Nr. 2, Abs. 7, 8 StGB;voll.;185;22;163;111;14;97;14;2;12;3;0;3;0;0;0;1;1;0;0;0;0;10;1;9
111810;Sexueller Übergriff im besonders schweren Fall § 177 Abs. 1, 2 (ohne Nr. 1) i. V. m. Abs. 6 Nr. 2, Abs. 7, 8 StGB;vers.;32;5;27;19;2;17;1;0;1;0;0;0;0;0;0;0;0;0;0;0;0;1;0;1
111810;Sexueller Übergriff im besonders schweren Fall § 177 Abs. 1, 2 (ohne Nr. 1) i. V. m. Abs. 6 Nr. 2, Abs. 7, 8 StGB;insg.;217;27;190;130;16;114;15;2;13;3;0;3;0;0;0;1;1;0;0;0;0;11;1;10
111820;Sexuelle Nötigung im besonders schweren Fall § 177 Abs. 5 i.V.m. Abs. 6 Nr. 2, Abs. 7, 8 StGB;voll.;311;30;281;177;14;163;9;1;8;2;0;2;0;0;0;1;1;0;1;0;1;5;0;5
111820;Sexuelle Nötigung im besonders schweren Fall § 177 Abs. 5 i.V.m. Abs. 6 Nr. 2, Abs. 7, 8 StGB;vers.;26;1;25;19;1;18;0;0;0;0;0;0;0;0;0;0;0;0;0;0;0;0;0;0
111820;Sexuelle Nötigung im besonders schweren Fall § 177 Abs. 5 i.V.m. Abs. 6 Nr. 2, Abs. 7, 8 StGB;insg.;337;31;306;196;15;181;9;1;8;2;0;2;0;0;0;1;1;0;1;0;1;5;0;5
111830;Sexueller Übergriff an widerstandsunfähigen Personen im besonders schweren Fall § 177 Abs. 2 Nr. 1, Abs. 4 i. V. m. Abs. 6 Nr. 2, Abs. 7, 8 StGB;voll.;118;10;108;68;8;60;8;0;8;0;0;0;3;0;3;0;0;0;1;0;1;4;0;4
111830;Sexueller Übergriff an widerstandsunfähigen Personen im besonders schweren Fall § 177 Abs. 2 Nr. 1, Abs. 4 i. V. m. Abs. 6 Nr. 2, Abs. 7, 8 StGB;vers.;4;0;4;3;0;3;0;0;0;0;0;0;0;0;0;0;0;0;0;0;0;0;0;0
111830;Sexueller Übergriff an widerstandsunfähigen Personen im besonders schweren Fall § 177 Abs. 2 Nr. 1, Abs. 4 i. V. m. Abs. 6 Nr. 2, Abs. 7, 8 StGB;insg.;122;10;112;71;8;63;8;0;8;0;0;0;3;0;3;0;0;0;1;0;1;4;0;4
111900;Sexueller Übergriff, sexuelle Nötigung und Vergewaltigung mit Todesfolge § 178 StGB;voll.;2;0;2;1;0;1;0;0;0;0;0;0;0;0;0;0;0;0;0;0;0;0;0;0
111900;Sexueller Übergriff, sexuelle Nötigung und Vergewaltigung mit Todesfolge § 178 StGB;vers.;0;0;0;0;0;0;0;0;0;0;0;0;0;0;0;0;0;0;0;0;0;0;0;0
111900;Sexueller Übergriff, sexuelle Nötigung und Vergewaltigung mit Todesfolge § 178 StGB;insg.;2;0;2;1;0;1;0;0;0;0;0;0;0;0;0;0;0;0;0;0;0;0;0;0
112100;Sexueller Übergriff und sexuelle Nötigung § 177 Abs. 1, 2, 4, 5, 9 StGB;voll.;5,588;542;5,046;2,931;288;2,643;187;18;169;57;6;51;29;7;22;22;1;21;26;2;24;53;2;51
112100;Sexueller Übergriff und sexuelle Nötigung § 177 Abs. 1, 2, 4, 5, 9 StGB;vers.;838;71;767;495;34;461;24;1;23;6;0;6;8;1;7;5;0;5;1;0;1;4;0;4
112100;Sexueller Übergriff und sexuelle Nötigung § 177 Abs. 1, 2, 4, 5, 9 StGB;insg.;6,426;613;5,813;3,426;322;3,104;211;19;192;63;6;57;37;8;29;27;1;26;27;2;25;57;2;55
112110;Sexueller Übergriff § 177 Abs. 1, 2 (ohne Nr. 1), 9 StGB;voll.;2,678;269;2,409;1,406;147;1,259;80;6;74;23;2;21;12;3;9;11;0;11;14;0;14;20;1;19
112110;Sexueller Übergriff § 177 Abs. 1, 2 (ohne Nr. 1), 9 StGB;vers.;336;23;313;203;13;190;7;1;6;2;0;2;3;1;2;2;0;2;0;0;0;0;0;0
112110;Sexueller Übergriff § 177 Abs. 1, 2 (ohne Nr. 1), 9 StGB;insg.;3,014;292;2,722;1,609;160;1,449;87;7;80;25;2;23;15;4;11;13;0;13;14;0;14;20;1;19
112120;Sexuelle Nötigung § 177 Abs. 5, 9 StGB;voll.;2,329;189;2,140;1,174;89;1,085;58;6;52;27;2;25;14;3;11;4;0;4;7;1;6;6;0;6
112120;Sexuelle Nötigung § 177 Abs. 5, 9 StGB;vers.;477;46;431;274;21;253;13;0;13;4;0;4;4;0;4;3;0;3;0;0;0;2;0;2
112120;Sexuelle Nötigung § 177 Abs. 5, 9 StGB;insg.;2,806;235;2,571;1,448;110;1,338;71;6;65;31;2;29;18;3;15;7;0;7;7;1;6;8;0;8
112130;Sexueller Übergriff an widerstandsunfähigen Personen § 177 Abs. 2 Nr. 1, Abs. 4, 9 StGB;voll.;581;84;497;351;52;299;49;6;43;7;2;5;3;1;2;7;1;6;5;1;4;27;1;26
112130;Sexueller Übergriff an widerstandsunfähigen Personen § 177 Abs. 2 Nr. 1, Abs. 4, 9 StGB;vers.;25;2;23;18;0;18;4;0;4;0;0;0;1;0;1;0;0;0;1;0;1;2;0;2
112130;Sexueller Übergriff an widerstandsunfähigen Personen § 177 Abs. 2 Nr. 1, Abs. 4, 9 StGB;insg.;606;86;520;369;52;317;53;6;47;7;2;5;4;1;3;7;1;6;6;1;5;29;1;28
113000;Sexueller Missbrauch von Schutzbefohlenen pp., unter Ausnutzung einer Amtsstellung oder eines Vertrauensverhältnisses §§ 174, 174a-c StGB;voll.;675;143;532;153;31;122;37;9;28;4;1;3;1;0;1;4;2;2;5;1;4;23;5;18
113000;Sexueller Missbrauch von Schutzbefohlenen pp., unter Ausnutzung einer Amtsstellung oder eines Vertrauensverhältnisses §§ 174, 174a-c StGB;vers.;32;7;25;9;2;7;6;2;4;0;0;0;1;1;0;2;0;2;1;0;1;2;1;1
113000;Sexueller Missbrauch von Schutzbefohlenen pp., unter Ausnutzung einer Amtsstellung oder eines Vertrauensverhältnisses §§ 174, 174a-c StGB;insg.;707;150;557;162;33;129;43;11;32;4;1;3;2;1;1;6;2;4;6;1;5;25;6;19
113010;Sexueller Missbrauch von Schutzbefohlenen ab 14 Jahren § 174 StGB;voll.;480;104;376;0;0;0;0;0;0;0;0;0;0;0;0;0;0;0;0;0;0;0;0;0
113010;Sexueller Missbrauch von Schutzbefohlenen ab 14 Jahren § 174 StGB;vers.;20;4;16;0;0;0;0;0;0;0;0;0;0;0;0;0;0;0;0;0;0;0;0;0
113010;Sexueller Missbrauch von Schutzbefohlenen ab 14 Jahren § 174 StGB;insg.;500;108;392;0;0;0;0;0;0;0;0;0;0;0;0;0;0;0;0;0;0;0;0;0
113020;Sexueller Missbrauch von Gefangenen/Verwahrten usw. ab 14 Jahren § 174a StGB;voll.;45;11;34;37;10;27;13;1;12;3;0;3;1;0;1;1;0;1;2;0;2;6;1;5
113020;Sexueller Missbrauch von Gefangenen/Verwahrten usw. ab 14 Jahren § 174a StGB;vers.;4;0;4;4;0;4;4;0;4;0;0;0;0;0;0;2;0;2;1;0;1;1;0;1
113020;Sexueller Missbrauch von Gefangenen/Verwahrten usw. ab 14 Jahren § 174a StGB;insg.;49;11;38;41;10;31;17;1;16;3;0;3;1;0;1;3;0;3;3;0;3;7;1;6
113030;Sexueller Missbrauch - Ausnutzung einer Amtsstellung zum Nachteil von Personen ab 14 Jahren § 174b StGB;voll.;2;1;1;1;1;0;0;0;0;0;0;0;0;0;0;0;0;0;0;0;0;0;0;0
113030;Sexueller Missbrauch - Ausnutzung einer Amtsstellung zum Nachteil von Personen ab 14 Jahren § 174b StGB;vers.;0;0;0;0;0;0;0;0;0;0;0;0;0;0;0;0;0;0;0;0;0;0;0;0
113030;Sexueller Missbrauch - Ausnutzung einer Amtsstellung zum Nachteil von Personen ab 14 Jahren § 174b StGB;insg.;2;1;1;1;1;0;0;0;0;0;0;0;0;0;0;0;0;0;0;0;0;0;0;0
113040;Sexueller Missbrauch - Ausnutzung eines Beratungs-/Behandlungs-/Betreuungsverhältnisses zum Nachteil von Personen ab 14 Jahren § 174c StGB;voll.;148;27;121;115;20;95;24;8;16;1;1;0;0;0;0;3;2;1;3;1;2;17;4;13
113040;Sexueller Missbrauch - Ausnutzung eines Beratungs-/Behandlungs-/Betreuungsverhältnisses zum Nachteil von Personen ab 14 Jahren § 174c StGB;vers.;8;3;5;5;2;3;2;2;0;0;0;0;1;1;0;0;0;0;0;0;0;1;1;0
113040;Sexueller Missbrauch - Ausnutzung eines Beratungs-/Behandlungs-/Betreuungsverhältnisses zum Nachteil von Personen ab 14 Jahren § 174c StGB;insg.;156;30;126;120;22;98;26;10;16;1;1;0;1;1;0;3;2;1;3;1;2;18;5;13
114000;Sexuelle Belästigung § 184i StGB;voll.;13,835;1,056;12,779;6,990;520;6,470;376;35;341;152;16;136;76;9;67;52;5;47;33;0;33;63;5;58
114000;Sexuelle Belästigung § 184i StGB;vers.;0;0;0;0;0;0;0;0;0;0;0;0;0;0;0;0;0;0;0;0;0;0;0;0
114000;Sexuelle Belästigung § 184i StGB;insg.;13,835;1,056;12,779;6,990;520;6,470;376;35;341;152;16;136;76;9;67;52;5;47;33;0;33;63;5;58
115000;Straftaten aus Gruppen § 184j StGB;voll.;16;1;15;7;0;7;0;0;0;0;0;0;0;0;0;0;0;0;0;0;0;0;0;0
115000;Straftaten aus Gruppen § 184j StGB;vers.;0;0;0;0;0;0;0;0;0;0;0;0;0;0;0;0;0;0;0;0;0;0;0;0
115000;Straftaten aus Gruppen § 184j StGB;insg.;16;1;15;7;0;7;0;0;0;0;0;0;0;0;0;0;0;0;0;0;0;0;0;0
130000;Sexueller Missbrauch §§ 176, 176a, 176b, 182, 183, 183a StGB;voll.;27,766;6,330;21,436;7,950;1,517;6,433;894;149;745;324;59;265;222;32;190;136;19;117;90;18;72;122;21;101
130000;Sexueller Missbrauch §§ 176, 176a, 176b, 182, 183, 183a StGB;vers.;1,021;292;729;0;0;0;0;0;0;0;0;0;0;0;0;0;0;0;0;0;0;0;0;0
130000;Sexueller Missbrauch §§ 176, 176a, 176b, 182, 183, 183a StGB;insg.;28,787;6,622;22,165;7,950;1,517;6,433;894;149;745;324;59;265;222;32;190;136;19;117;90;18;72;122;21;101
131000;Sexueller Missbrauch von Kindern §§ 176, 176a, 176b StGB;voll.;16,723;4,268;12,455;0;0;0;0;0;0;0;0;0;0;0;0;0;0;0;0;0;0;0;0;0
131000;Sexueller Missbrauch von Kindern §§ 176, 176a, 176b StGB;vers.;775;205;570;0;0;0;0;0;0;0;0;0;0;0;0;0;0;0;0;0;0;0;0;0
131000;Sexueller Missbrauch von Kindern §§ 176, 176a, 176b StGB;insg.;17,498;4,473;13,025;0;0;0;0;0;0;0;0;0;0;0;0;0;0;0;0;0;0;0;0;0
131010;Sexuelle Handlungen § 176 Abs. 5 StGB;voll.;199;59;140;0;0;0;0;0;0;0;0;0;0;0;0;0;0;0;0;0;0;0;0;0
131010;Sexuelle Handlungen § 176 Abs. 5 StGB;vers.;0;0;0;0;0;0;0;0;0;0;0;0;0;0;0;0;0;0;0;0;0;0;0;0
131010;Sexuelle Handlungen § 176 Abs. 5 StGB;insg.;199;59;140;0;0;0;0;0;0;0;0;0;0;0;0;0;0;0;0;0;0;0;0;0
131100;Sexuelle Handlungen § 176 Abs. 1 und 2 StGB;voll.;5,681;1,385;4,296;0;0;0;0;0;0;0;0;0;0;0;0;0;0;0;0;0;0;0;0;0
131100;Sexuelle Handlungen § 176 Abs. 1 und 2 StGB;vers.;428;127;301;0;0;0;0;0;0;0;0;0;0;0;0;0;0;0;0;0;0;0;0;0
131100;Sexuelle Handlungen § 176 Abs. 1 und 2 StGB;insg.;6,109;1,512;4,597;0;0;0;0;0;0;0;0;0;0;0;0;0;0;0;0;0;0;0;0;0
131200;Exhibitionistische/sexuelle Handlungen vor Kindern § 176 Abs. 4 Nr. 1 StGB;voll.;1,962;601;1,361;0;0;0;0;0;0;0;0;0;0;0;0;0;0;0;0;0;0;0;0;0
131200;Exhibitionistische/sexuelle Handlungen vor Kindern § 176 Abs. 4 Nr. 1 StGB;vers.;59;14;45;0;0;0;0;0;0;0;0;0;0;0;0;0;0;0;0;0;0;0;0;0
131200;Exhibitionistische/sexuelle Handlungen vor Kindern § 176 Abs. 4 Nr. 1 StGB;insg.;2,021;615;1,406;0;0;0;0;0;0;0;0;0;0;0;0;0;0;0;0;0;0;0;0;0
131300;Sexuelle Handlungen § 176 Abs. 4 Nr. 2 StGB;voll.;610;170;440;0;0;0;0;0;0;0;0;0;0;0;0;0;0;0;0;0;0;0;0;0
131300;Sexuelle Handlungen § 176 Abs. 4 Nr. 2 StGB;vers.;101;24;77;0;0;0;0;0;0;0;0;0;0;0;0;0;0;0;0;0;0;0;0;0
131300;Sexuelle Handlungen § 176 Abs. 4 Nr. 2 StGB;insg.;711;194;517;0;0;0;0;0;0;0;0;0;0;0;0;0;0;0;0;0;0;0;0;0
131400;Einwirken auf Kinder § 176 Abs. 4 Nr. 3 und 4 StGB;voll.;4,904;1,163;3,741;0;0;0;0;0;0;0;0;0;0;0;0;0;0;0;0;0;0;0;0;0
131400;Einwirken auf Kinder § 176 Abs. 4 Nr. 3 und 4 StGB;vers.;0;0;0;0;0;0;0;0;0;0;0;0;0;0;0;0;0;0;0;0;0;0;0;0
131400;Einwirken auf Kinder § 176 Abs. 4 Nr. 3 und 4 StGB;insg.;4,904;1,163;3,741;0;0;0;0;0;0;0;0;0;0;0;0;0;0;0;0;0;0;0;0;0
131500;Vollzug des Beischlafs mit einem Kind oder Vornahme einer ähnlichen sexuellen Handlung § 176a Abs. 2 Nr. 1 StGB;voll.;1,219;224;995;0;0;0;0;0;0;0;0;0;0;0;0;0;0;0;0;0;0;0;0;0
131500;Vollzug des Beischlafs mit einem Kind oder Vornahme einer ähnlichen sexuellen Handlung § 176a Abs. 2 Nr. 1 StGB;vers.;31;6;25;0;0;0;0;0;0;0;0;0;0;0;0;0;0;0;0;0;0;0;0;0
131500;Vollzug des Beischlafs mit einem Kind oder Vornahme einer ähnlichen sexuellen Handlung § 176a Abs. 2 Nr. 1 StGB;insg.;1,250;230;1,020;0;0;0;0;0;0;0;0;0;0;0;0;0;0;0;0;0;0;0;0;0
131600;Schwerer sexueller Missbrauch von Kindern zur Herstellung und Verbreitung pornografischer Schriften § 176a Abs. 3 StGB;voll.;236;122;114;0;0;0;0;0;0;0;0;0;0;0;0;0;0;0;0;0;0;0;0;0
131600;Schwerer sexueller Missbrauch von Kindern zur Herstellung und Verbreitung pornografischer Schriften § 176a Abs. 3 StGB;vers.;17;6;11;0;0;0;0;0;0;0;0;0;0;0;0;0;0;0;0;0;0;0;0;0
131600;Schwerer sexueller Missbrauch von Kindern zur Herstellung und Verbreitung pornografischer Schriften § 176a Abs. 3 StGB;insg.;253;128;125;0;0;0;0;0;0;0;0;0;0;0;0;0;0;0;0;0;0;0;0;0
131700;Sonstiger schwerer sexueller Missbrauch von Kindern § 176a StGB;voll.;1,912;544;1,368;0;0;0;0;0;0;0;0;0;0;0;0;0;0;0;0;0;0;0;0;0
131700;Sonstiger schwerer sexueller Missbrauch von Kindern § 176a StGB;vers.;138;28;110;0;0;0;0;0;0;0;0;0;0;0;0;0;0;0;0;0;0;0;0;0
131700;Sonstiger schwerer sexueller Missbrauch von Kindern § 176a StGB;insg.;2,050;572;1,478;0;0;0;0;0;0;0;0;0;0;0;0;0;0;0;0;0;0;0;0;0
131800;Sexueller Missbrauch von Kindern mit Todesfolge § 176b StGB;voll.;0;0;0;0;0;0;0;0;0;0;0;0;0;0;0;0;0;0;0;0;0;0;0;0
131800;Sexueller Missbrauch von Kindern mit Todesfolge § 176b StGB;vers.;1;0;1;0;0;0;0;0;0;0;0;0;0;0;0;0;0;0;0;0;0;0;0;0
131800;Sexueller Missbrauch von Kindern mit Todesfolge § 176b StGB;insg.;1;0;1;0;0;0;0;0;0;0;0;0;0;0;0;0;0;0;0;0;0;0;0;0
132000;Exhibitionistische Handlungen und Erregung öffentlichen Ärgernisses §§ 183, 183a StGB;voll.;10,063;1,806;8,257;7,950;1,517;6,433;894;149;745;324;59;265;222;32;190;136;19;117;90;18;72;122;21;101
132000;Exhibitionistische Handlungen und Erregung öffentlichen Ärgernisses §§ 183, 183a StGB;vers.;0;0;0;0;0;0;0;0;0;0;0;0;0;0;0;0;0;0;0;0;0;0;0;0
132000;Exhibitionistische Handlungen und Erregung öffentlichen Ärgernisses §§ 183, 183a StGB;insg.;10,063;1,806;8,257;7,950;1,517;6,433;894;149;745;324;59;265;222;32;190;136;19;117;90;18;72;122;21;101
132010;Exhibitionistische Handlungen § 183 StGB;voll.;8,426;1,277;7,149;6,636;1,062;5,574;774;98;676;282;40;242;191;20;171;112;11;101;80;14;66;109;13;96
132010;Exhibitionistische Handlungen § 183 StGB;vers.;0;0;0;0;0;0;0;0;0;0;0;0;0;0;0;0;0;0;0;0;0;0;0;0
132010;Exhibitionistische Handlungen § 183 StGB;insg.;8,426;1,277;7,149;6,636;1,062;5,574;774;98;676;282;40;242;191;20;171;112;11;101;80;14;66;109;13;96
132020;Erregung öffentlichen Ärgernisses § 183a StGB;voll.;1,637;529;1,108;1,314;455;859;120;51;69;42;19;23;31;12;19;24;8;16;10;4;6;13;8;5
132020;Erregung öffentlichen Ärgernisses § 183a StGB;vers.;0;0;0;0;0;0;0;0;0;0;0;0;0;0;0;0;0;0;0;0;0;0;0;0
132020;Erregung öffentlichen Ärgernisses § 183a StGB;insg.;1,637;529;1,108;1,314;455;859;120;51;69;42;19;23;31;12;19;24;8;16;10;4;6;13;8;5
133000;Sexueller Missbrauch von Jugendlichen § 182 StGB;voll.;980;256;724;0;0;0;0;0;0;0;0;0;0;0;0;0;0;0;0;0;0;0;0;0
133000;Sexueller Missbrauch von Jugendlichen § 182 StGB;vers.;246;87;159;0;0;0;0;0;0;0;0;0;0;0;0;0;0;0;0;0;0;0;0;0
133000;Sexueller Missbrauch von Jugendlichen § 182 StGB;insg.;1,226;343;883;0;0;0;0;0;0;0;0;0;0;0;0;0;0;0;0;0;0;0;0;0
133100;Sexueller Missbrauch von Jugendlichen gegen Entgelt § 182 Abs. 2 StGB;voll.;224;96;128;0;0;0;0;0;0;0;0;0;0;0;0;0;0;0;0;0;0;0;0;0
133100;Sexueller Missbrauch von Jugendlichen gegen Entgelt § 182 Abs. 2 StGB;vers.;159;55;104;0;0;0;0;0;0;0;0;0;0;0;0;0;0;0;0;0;0;0;0;0
133100;Sexueller Missbrauch von Jugendlichen gegen Entgelt § 182 Abs. 2 StGB;insg.;383;151;232;0;0;0;0;0;0;0;0;0;0;0;0;0;0;0;0;0;0;0;0;0
133700;Sonstiger Sexueller Missbrauch von Jugendlichen § 182 StGB;voll.;756;160;596;0;0;0;0;0;0;0;0;0;0;0;0;0;0;0;0;0;0;0;0;0
133700;Sonstiger Sexueller Missbrauch von Jugendlichen § 182 StGB;vers.;87;32;55;0;0;0;0;0;0;0;0;0;0;0;0;0;0;0;0;0;0;0;0;0
133700;Sonstiger Sexueller Missbrauch von Jugendlichen § 182 StGB;insg.;843;192;651;0;0;0;0;0;0;0;0;0;0;0;0;0;0;0;0;0;0;0;0;0
141000;Förderung sexueller Handlungen Minderjähriger oder Ausbeuten von Prostituierten §§ 180, 180a StGB;voll.;146;29;117;14;1;13;0;0;0;0;0;0;0;0;0;0;0;0;0;0;0;0;0;0
141000;Förderung sexueller Handlungen Minderjähriger oder Ausbeuten von Prostituierten §§ 180, 180a StGB;vers.;26;5;21;0;0;0;0;0;0;0;0;0;0;0;0;0;0;0;0;0;0;0;0;0
141000;Förderung sexueller Handlungen Minderjähriger oder Ausbeuten von Prostituierten §§ 180, 180a StGB;insg.;172;34;138;14;1;13;0;0;0;0;0;0;0;0;0;0;0;0;0;0;0;0;0;0
141100;Förderung sexueller Handlungen Minderjähriger § 180 StGB;voll.;126;28;98;0;0;0;0;0;0;0;0;0;0;0;0;0;0;0;0;0;0;0;0;0
141100;Förderung sexueller Handlungen Minderjähriger § 180 StGB;vers.;26;5;21;0;0;0;0;0;0;0;0;0;0;0;0;0;0;0;0;0;0;0;0;0
141100;Förderung sexueller Handlungen Minderjähriger § 180 StGB;insg.;152;33;119;0;0;0;0;0;0;0;0;0;0;0;0;0;0;0;0;0;0;0;0;0
141110;Förderung sexueller Handlungen Minderjähriger durch Vermittlung oder gegen Entgelt § 180 Abs. 1, Nr. 1, Abs. 2 StGB;voll.;94;18;76;0;0;0;0;0;0;0;0;0;0;0;0;0;0;0;0;0;0;0;0;0
141110;Förderung sexueller Handlungen Minderjähriger durch Vermittlung oder gegen Entgelt § 180 Abs. 1, Nr. 1, Abs. 2 StGB;vers.;21;5;16;0;0;0;0;0;0;0;0;0;0;0;0;0;0;0;0;0;0;0;0;0
141110;Förderung sexueller Handlungen Minderjähriger durch Vermittlung oder gegen Entgelt § 180 Abs. 1, Nr. 1, Abs. 2 StGB;insg.;115;23;92;0;0;0;0;0;0;0;0;0;0;0;0;0;0;0;0;0;0;0;0;0
141179;Sonstige Förderung sexueller Handlungen Minderjähriger § 180 StGB;voll.;32;10;22;0;0;0;0;0;0;0;0;0;0;0;0;0;0;0;0;0;0;0;0;0
141179;Sonstige Förderung sexueller Handlungen Minderjähriger § 180 StGB;vers.;5;0;5;0;0;0;0;0;0;0;0;0;0;0;0;0;0;0;0;0;0;0;0;0
141179;Sonstige Förderung sexueller Handlungen Minderjähriger § 180 StGB;insg.;37;10;27;0;0;0;0;0;0;0;0;0;0;0;0;0;0;0;0;0;0;0;0;0
141200;Ausbeuten von Prostituierten § 180a StGB;voll.;20;1;19;14;1;13;0;0;0;0;0;0;0;0;0;0;0;0;0;0;0;0;0;0
141200;Ausbeuten von Prostituierten § 180a StGB;vers.;0;0;0;0;0;0;0;0;0;0;0;0;0;0;0;0;0;0;0;0;0;0;0;0
141200;Ausbeuten von Prostituierten § 180a StGB;insg.;20;1;19;14;1;13;0;0;0;0;0;0;0;0;0;0;0;0;0;0;0;0;0;0
142000;Zuhälterei § 181a StGB;voll.;130;9;121;105;8;97;0;0;0;0;0;0;0;0;0;0;0;0;0;0;0;0;0;0
142000;Zuhälterei § 181a StGB;vers.;0;0;0;0;0;0;0;0;0;0;0;0;0;0;0;0;0;0;0;0;0;0;0;0
142000;Zuhälterei § 181a StGB;insg.;130;9;121;105;8;97;0;0;0;0;0;0;0;0;0;0;0;0;0;0;0;0;0;0
145000;Verletzung des Intimbereichs durch Bildaufnahmen § 184k StGB;voll.;609;85;524;399;57;342;16;3;13;9;1;8;3;1;2;2;0;2;1;1;0;1;0;1
145000;Verletzung des Intimbereichs durch Bildaufnahmen § 184k StGB;vers.;0;0;0;0;0;0;0;0;0;0;0;0;0;0;0;0;0;0;0;0;0;0;0;0
145000;Verletzung des Intimbereichs durch Bildaufnahmen § 184k StGB;insg.;609;85;524;399;57;342;16;3;13;9;1;8;3;1;2;2;0;2;1;1;0;1;0;1
210000;Raub, räuberische Erpressung und räuberischer Angriff auf Kraftfahrer §§ 249-252, 255, 316a StGB;voll.;27,249;20,250;6,999;20,028;13,964;6,064;2,492;1,339;1,153;838;522;316;443;275;168;366;212;154;272;121;151;573;209;364
210000;Raub, räuberische Erpressung und räuberischer Angriff auf Kraftfahrer §§ 249-252, 255, 316a StGB;vers.;7,464;5,364;2,100;5,308;3,577;1,731;766;401;365;278;164;114;157;90;67;94;49;45;84;46;38;153;52;101
210000;Raub, räuberische Erpressung und räuberischer Angriff auf Kraftfahrer §§ 249-252, 255, 316a StGB;insg.;34,713;25,614;9,099;25,336;17,541;7,795;3,258;1,740;1,518;1,116;686;430;600;365;235;460;261;199;356;167;189;726;261;465
210010;Sonstiger Raub § 249 StGB;voll.;2,273;1,599;674;1,553;995;558;270;140;130;64;38;26;47;29;18;44;26;18;34;16;18;81;31;50
210010;Sonstiger Raub § 249 StGB;vers.;574;379;195;415;258;157;75;36;39;20;13;7;11;7;4;15;5;10;7;3;4;22;8;14
210010;Sonstiger Raub § 249 StGB;insg.;2,847;1,978;869;1,968;1,253;715;345;176;169;84;51;33;58;36;22;59;31;28;41;19;22;103;39;64
210020;Sonstiger schwerer Raub § 250 StGB;voll.;785;661;124;566;465;101;60;42;18;25;17;8;11;10;1;7;4;3;5;5;0;12;6;6
210020;Sonstiger schwerer Raub § 250 StGB;vers.;194;154;40;138;111;27;16;9;7;7;4;3;3;2;1;2;1;1;1;0;1;3;2;1
210020;Sonstiger schwerer Raub § 250 StGB;insg.;979;815;164;704;576;128;76;51;25;32;21;11;14;12;2;9;5;4;6;5;1;15;8;7
210030;Sonstiger Raub mit Todesfolge § 251 StGB;voll.;0;0;0;0;0;0;0;0;0;0;0;0;0;0;0;0;0;0;0;0;0;0;0;0
210030;Sonstiger Raub mit Todesfolge § 251 StGB;vers.;0;0;0;0;0;0;0;0;0;0;0;0;0;0;0;0;0;0;0;0;0;0;0;0
210030;Sonstiger Raub mit Todesfolge § 251 StGB;insg.;0;0;0;0;0;0;0;0;0;0;0;0;0;0;0;0;0;0;0;0;0;0;0;0
210040;Räuberischer Diebstahl § 252 StGB;voll.;7,510;5,156;2,354;6,695;4,517;2,178;550;364;186;266;185;81;100;74;26;81;57;24;37;18;19;66;30;36
210040;Räuberischer Diebstahl § 252 StGB;vers.;852;563;289;784;510;274;71;47;24;38;26;12;16;10;6;5;4;1;4;3;1;8;4;4
210040;Räuberischer Diebstahl § 252 StGB;insg.;8,362;5,719;2,643;7,479;5,027;2,452;621;411;210;304;211;93;116;84;32;86;61;25;41;21;20;74;34;40
210050;Sonstige räuberische Erpressung § 255 StGB;voll.;1,451;1,176;275;857;651;206;75;51;24;33;25;8;14;8;6;16;10;6;5;4;1;7;4;3
210050;Sonstige räuberische Erpressung § 255 StGB;vers.;1,310;972;338;931;663;268;113;70;43;52;33;19;28;19;9;13;10;3;13;5;8;7;3;4
210050;Sonstige räuberische Erpressung § 255 StGB;insg.;2,761;2,148;613;1,788;1,314;474;188;121;67;85;58;27;42;27;15;29;20;9;18;9;9;14;7;7
211000;Raub, räuberische Erpressung auf/gegen Geldinstitute, Postfilialen und -agenturen;voll.;42;10;32;42;10;32;9;3;6;5;2;3;4;1;3;0;0;0;0;0;0;0;0;0
211000;Raub, räuberische Erpressung auf/gegen Geldinstitute, Postfilialen und -agenturen;vers.;26;8;18;25;7;18;6;2;4;5;1;4;0;0;0;1;1;0;0;0;0;0;0;0
211000;Raub, räuberische Erpressung auf/gegen Geldinstitute, Postfilialen und -agenturen;insg.;68;18;50;67;17;50;15;5;10;10;3;7;4;1;3;1;1;0;0;0;0;0;0;0
211100;Raub, räuberische Erpressung auf/gegen Geldinstitute (Banken/Sparkassen);voll.;18;6;12;18;6;12;3;1;2;2;1;1;1;0;1;0;0;0;0;0;0;0;0;0
211100;Raub, räuberische Erpressung auf/gegen Geldinstitute (Banken/Sparkassen);vers.;16;5;11;15;4;11;3;1;2;3;1;2;0;0;0;0;0;0;0;0;0;0;0;0
211100;Raub, räuberische Erpressung auf/gegen Geldinstitute (Banken/Sparkassen);insg.;34;11;23;33;10;23;6;2;4;5;2;3;1;0;1;0;0;0;0;0;0;0;0;0
211110;Raub auf Geldinstitute (Banken/Sparkassen) § 249 StGB;voll.;0;0;0;0;0;0;0;0;0;0;0;0;0;0;0;0;0;0;0;0;0;0;0;0
211110;Raub auf Geldinstitute (Banken/Sparkassen) § 249 StGB;vers.;1;1;0;0;0;0;0;0;0;0;0;0;0;0;0;0;0;0;0;0;0;0;0;0
211110;Raub auf Geldinstitute (Banken/Sparkassen) § 249 StGB;insg.;1;1;0;0;0;0;0;0;0;0;0;0;0;0;0;0;0;0;0;0;0;0;0;0
211120;Schwerer Raub auf Geldinstitute (Banken/Sparkassen) § 250 StGB;voll.;5;1;4;5;1;4;1;0;1;0;0;0;1;0;1;0;0;0;0;0;0;0;0;0
211120;Schwerer Raub auf Geldinstitute (Banken/Sparkassen) § 250 StGB;vers.;1;1;0;1;1;0;0;0;0;0;0;0;0;0;0;0;0;0;0;0;0;0;0;0
211120;Schwerer Raub auf Geldinstitute (Banken/Sparkassen) § 250 StGB;insg.;6;2;4;6;2;4;1;0;1;0;0;0;1;0;1;0;0;0;0;0;0;0;0;0
211130;Raub mit Todesfolge auf Geldinstitute (Banken/Sparkassen) § 251 StGB;voll.;0;0;0;0;0;0;0;0;0;0;0;0;0;0;0;0;0;0;0;0;0;0;0;0
211130;Raub mit Todesfolge auf Geldinstitute (Banken/Sparkassen) § 251 StGB;vers.;0;0;0;0;0;0;0;0;0;0;0;0;0;0;0;0;0;0;0;0;0;0;0;0
211130;Raub mit Todesfolge auf Geldinstitute (Banken/Sparkassen) § 251 StGB;insg.;0;0;0;0;0;0;0;0;0;0;0;0;0;0;0;0;0;0;0;0;0;0;0;0
211150;Räuberische Erpressung gegen Geldinstitute (Banken/Sparkassen) § 255 StGB;voll.;13;5;8;13;5;8;2;1;1;2;1;1;0;0;0;0;0;0;0;0;0;0;0;0
211150;Räuberische Erpressung gegen Geldinstitute (Banken/Sparkassen) § 255 StGB;vers.;14;3;11;14;3;11;3;1;2;3;1;2;0;0;0;0;0;0;0;0;0;0;0;0
211150;Räuberische Erpressung gegen Geldinstitute (Banken/Sparkassen) § 255 StGB;insg.;27;8;19;27;8;19;5;2;3;5;2;3;0;0;0;0;0;0;0;0;0;0;0;0
211200;Raub, räuberische Erpressung auf/gegen Postfilialen und -agenturen;voll.;24;4;20;24;4;20;6;2;4;3;1;2;3;1;2;0;0;0;0;0;0;0;0;0
211200;Raub, räuberische Erpressung auf/gegen Postfilialen und -agenturen;vers.;10;3;7;10;3;7;3;1;2;2;0;2;0;0;0;1;1;0;0;0;0;0;0;0
211200;Raub, räuberische Erpressung auf/gegen Postfilialen und -agenturen;insg.;34;7;27;34;7;27;9;3;6;5;1;4;3;1;2;1;1;0;0;0;0;0;0;0
211210;Raub auf Postfilialen und -agenturen § 249 StGB;voll.;5;2;3;5;2;3;1;1;0;1;1;0;0;0;0;0;0;0;0;0;0;0;0;0
211210;Raub auf Postfilialen und -agenturen § 249 StGB;vers.;1;0;1;1;0;1;0;0;0;0;0;0;0;0;0;0;0;0;0;0;0;0;0;0
211210;Raub auf Postfilialen und -agenturen § 249 StGB;insg.;6;2;4;6;2;4;1;1;0;1;1;0;0;0;0;0;0;0;0;0;0;0;0;0
211220;Schwerer Raub auf Postfilialen und -agenturen § 250 StGB;voll.;15;2;13;15;2;13;5;1;4;2;0;2;3;1;2;0;0;0;0;0;0;0;0;0
211220;Schwerer Raub auf Postfilialen und -agenturen § 250 StGB;vers.;6;1;5;6;1;5;2;0;2;2;0;2;0;0;0;0;0;0;0;0;0;0;0;0
211220;Schwerer Raub auf Postfilialen und -agenturen § 250 StGB;insg.;21;3;18;21;3;18;7;1;6;4;0;4;3;1;2;0;0;0;0;0;0;0;0;0
211230;Raub mit Todesfolge auf Postfilialen und -agenturen § 251 StGB;voll.;0;0;0;0;0;0;0;0;0;0;0;0;0;0;0;0;0;0;0;0;0;0;0;0
211230;Raub mit Todesfolge auf Postfilialen und -agenturen § 251 StGB;vers.;0;0;0;0;0;0;0;0;0;0;0;0;0;0;0;0;0;0;0;0;0;0;0;0
211230;Raub mit Todesfolge auf Postfilialen und -agenturen § 251 StGB;insg.;0;0;0;0;0;0;0;0;0;0;0;0;0;0;0;0;0;0;0;0;0;0;0;0
211250;Räuberische Erpressung gegen Postfilialen und -agenturen § 255 StGB;voll.;4;0;4;4;0;4;0;0;0;0;0;0;0;0;0;0;0;0;0;0;0;0;0;0
211250;Räuberische Erpressung gegen Postfilialen und -agenturen § 255 StGB;vers.;3;2;1;3;2;1;1;1;0;0;0;0;0;0;0;1;1;0;0;0;0;0;0;0
211250;Räuberische Erpressung gegen Postfilialen und -agenturen § 255 StGB;insg.;7;2;5;7;2;5;1;1;0;0;0;0;0;0;0;1;1;0;0;0;0;0;0;0
212000;Raub, räuberische Erpressung auf/gegen sonstige Kassenräume und Geschäfte;voll.;1,447;662;785;1,318;585;733;152;53;99;101;28;73;25;11;14;13;8;5;8;2;6;5;4;1
212000;Raub, räuberische Erpressung auf/gegen sonstige Kassenräume und Geschäfte;vers.;502;249;253;482;242;240;77;43;34;42;24;18;19;11;8;8;4;4;4;2;2;4;2;2
212000;Raub, räuberische Erpressung auf/gegen sonstige Kassenräume und Geschäfte;insg.;1,949;911;1,038;1,800;827;973;229;96;133;143;52;91;44;22;22;21;12;9;12;4;8;9;6;3
212010;Raub auf sonstige Kassenräume oder Geschäfte § 249 StGB;voll.;108;46;62;98;41;57;20;8;12;11;3;8;5;3;2;0;0;0;2;0;2;2;2;0
212010;Raub auf sonstige Kassenräume oder Geschäfte § 249 StGB;vers.;33;13;20;32;13;19;7;2;5;3;0;3;2;1;1;1;1;0;0;0;0;1;0;1
212010;Raub auf sonstige Kassenräume oder Geschäfte § 249 StGB;insg.;141;59;82;130;54;76;27;10;17;14;3;11;7;4;3;1;1;0;2;0;2;3;2;1
212020;Schwerer Raub auf sonstige Kassenräume oder Geschäfte § 250 StGB;voll.;478;213;265;446;195;251;65;22;43;39;9;30;14;6;8;7;4;3;2;1;1;3;2;1
212020;Schwerer Raub auf sonstige Kassenräume oder Geschäfte § 250 StGB;vers.;154;83;71;150;81;69;18;11;7;9;7;2;5;3;2;3;1;2;1;0;1;0;0;0
212020;Schwerer Raub auf sonstige Kassenräume oder Geschäfte § 250 StGB;insg.;632;296;336;596;276;320;83;33;50;48;16;32;19;9;10;10;5;5;3;1;2;3;2;1
212030;Raub mit Todesfolge auf sonstige Kassenräume oder Geschäfte § 251 StGB;voll.;0;0;0;0;0;0;0;0;0;0;0;0;0;0;0;0;0;0;0;0;0;0;0;0
212030;Raub mit Todesfolge auf sonstige Kassenräume oder Geschäfte § 251 StGB;vers.;0;0;0;0;0;0;0;0;0;0;0;0;0;0;0;0;0;0;0;0;0;0;0;0
212030;Raub mit Todesfolge auf sonstige Kassenräume oder Geschäfte § 251 StGB;insg.;0;0;0;0;0;0;0;0;0;0;0;0;0;0;0;0;0;0;0;0;0;0;0;0
212050;Räuberische Erpressung gegen sonstige Kassenräume oder Geschäfte § 255 StGB;voll.;275;109;166;244;91;153;17;4;13;13;3;10;3;1;2;0;0;0;1;0;1;0;0;0
212050;Räuberische Erpressung gegen sonstige Kassenräume oder Geschäfte § 255 StGB;vers.;168;78;90;160;74;86;32;17;15;18;9;9;6;4;2;3;1;2;3;2;1;2;1;1
212050;Räuberische Erpressung gegen sonstige Kassenräume oder Geschäfte § 255 StGB;insg.;443;187;256;404;165;239;49;21;28;31;12;19;9;5;4;3;1;2;4;2;2;2;1;1
212100;Raub, räuberische Erpressung auf/gegen Spielhallen;voll.;86;39;47;85;39;46;13;5;8;12;4;8;0;0;0;1;1;0;0;0;0;0;0;0
212100;Raub, räuberische Erpressung auf/gegen Spielhallen;vers.;24;9;15;24;9;15;4;1;3;2;0;2;1;0;1;1;1;0;0;0;0;0;0;0
212100;Raub, räuberische Erpressung auf/gegen Spielhallen;insg.;110;48;62;109;48;61;17;6;11;14;4;10;1;0;1;2;2;0;0;0;0;0;0;0
212110;Raub auf Spielhallen § 249 StGB;voll.;10;6;4;10;6;4;1;1;0;0;0;0;0;0;0;1;1;0;0;0;0;0;0;0
212110;Raub auf Spielhallen § 249 StGB;vers.;7;1;6;7;1;6;2;1;1;1;0;1;0;0;0;1;1;0;0;0;0;0;0;0
212110;Raub auf Spielhallen § 249 StGB;insg.;17;7;10;17;7;10;3;2;1;1;0;1;0;0;0;2;2;0;0;0;0;0;0;0
212120;Schwerer Raub auf Spielhallen § 250 StGB;voll.;44;20;24;44;20;24;8;3;5;8;3;5;0;0;0;0;0;0;0;0;0;0;0;0
212120;Schwerer Raub auf Spielhallen § 250 StGB;vers.;11;5;6;11;5;6;1;0;1;0;0;0;1;0;1;0;0;0;0;0;0;0;0;0
212120;Schwerer Raub auf Spielhallen § 250 StGB;insg.;55;25;30;55;25;30;9;3;6;8;3;5;1;0;1;0;0;0;0;0;0;0;0;0
212130;Raub mit Todesfolge auf Spielhallen § 251 StGB;voll.;0;0;0;0;0;0;0;0;0;0;0;0;0;0;0;0;0;0;0;0;0;0;0;0
212130;Raub mit Todesfolge auf Spielhallen § 251 StGB;vers.;0;0;0;0;0;0;0;0;0;0;0;0;0;0;0;0;0;0;0;0;0;0;0;0
212130;Raub mit Todesfolge auf Spielhallen § 251 StGB;insg.;0;0;0;0;0;0;0;0;0;0;0;0;0;0;0;0;0;0;0;0;0;0;0;0
212150;Räuberische Erpressung gegen Spielhallen § 255 StGB;voll.;32;13;19;31;13;18;4;1;3;4;1;3;0;0;0;0;0;0;0;0;0;0;0;0
212150;Räuberische Erpressung gegen Spielhallen § 255 StGB;vers.;6;3;3;6;3;3;1;0;1;1;0;1;0;0;0;0;0;0;0;0;0;0;0;0
212150;Räuberische Erpressung gegen Spielhallen § 255 StGB;insg.;38;16;22;37;16;21;5;1;4;5;1;4;0;0;0;0;0;0;0;0;0;0;0;0
212200;Raub, räuberische Erpressung auf/gegen Tankstellen;voll.;500;255;245;445;219;226;37;14;23;26;9;17;3;1;2;5;3;2;3;1;2;0;0;0
212200;Raub, räuberische Erpressung auf/gegen Tankstellen;vers.;123;66;57;116;65;51;16;12;4;10;8;2;5;3;2;0;0;0;0;0;0;1;1;0
212200;Raub, räuberische Erpressung auf/gegen Tankstellen;insg.;623;321;302;561;284;277;53;26;27;36;17;19;8;4;4;5;3;2;3;1;2;1;1;0
212210;Raub auf Tankstellen § 249 StGB;voll.;30;11;19;28;9;19;1;0;1;0;0;0;0;0;0;0;0;0;1;0;1;0;0;0
212210;Raub auf Tankstellen § 249 StGB;vers.;14;9;5;12;9;3;1;0;1;1;0;1;0;0;0;0;0;0;0;0;0;0;0;0
212210;Raub auf Tankstellen § 249 StGB;insg.;44;20;24;40;18;22;2;0;2;1;0;1;0;0;0;0;0;0;1;0;1;0;0;0
212220;Schwerer Raub auf Tankstellen § 250 StGB;voll.;277;142;135;247;123;124;21;7;14;13;4;9;3;1;2;3;1;2;2;1;1;0;0;0
212220;Schwerer Raub auf Tankstellen § 250 StGB;vers.;55;30;25;52;29;23;6;5;1;3;3;0;3;2;1;0;0;0;0;0;0;0;0;0
212220;Schwerer Raub auf Tankstellen § 250 StGB;insg.;332;172;160;299;152;147;27;12;15;16;7;9;6;3;3;3;1;2;2;1;1;0;0;0
212230;Raub mit Todesfolge auf Tankstellen § 251 StGB;voll.;0;0;0;0;0;0;0;0;0;0;0;0;0;0;0;0;0;0;0;0;0;0;0;0
212230;Raub mit Todesfolge auf Tankstellen § 251 StGB;vers.;0;0;0;0;0;0;0;0;0;0;0;0;0;0;0;0;0;0;0;0;0;0;0;0
212230;Raub mit Todesfolge auf Tankstellen § 251 StGB;insg.;0;0;0;0;0;0;0;0;0;0;0;0;0;0;0;0;0;0;0;0;0;0;0;0
212250;Räuberische Erpressung gegen Tankstellen § 255 StGB;voll.;193;102;91;170;87;83;15;7;8;13;5;8;0;0;0;2;2;0;0;0;0;0;0;0
212250;Räuberische Erpressung gegen Tankstellen § 255 StGB;vers.;54;27;27;52;27;25;9;7;2;6;5;1;2;1;1;0;0;0;0;0;0;1;1;0
212250;Räuberische Erpressung gegen Tankstellen § 255 StGB;insg.;247;129;118;222;114;108;24;14;10;19;10;9;2;1;1;2;2;0;0;0;0;1;1;0
213000;Raub, räuberische Erpressung auf/gegen Geld- und Werttransporte;voll.;31;24;7;29;22;7;2;2;0;1;1;0;1;1;0;0;0;0;0;0;0;0;0;0
213000;Raub, räuberische Erpressung auf/gegen Geld- und Werttransporte;vers.;4;3;1;4;3;1;0;0;0;0;0;0;0;0;0;0;0;0;0;0;0;0;0;0
213000;Raub, räuberische Erpressung auf/gegen Geld- und Werttransporte;insg.;35;27;8;33;25;8;2;2;0;1;1;0;1;1;0;0;0;0;0;0;0;0;0;0
213100;Raub, räuberische Erpressung auf/gegen Geld- und Kassenboten;voll.;29;23;6;27;21;6;2;2;0;1;1;0;1;1;0;0;0;0;0;0;0;0;0;0
213100;Raub, räuberische Erpressung auf/gegen Geld- und Kassenboten;vers.;4;3;1;4;3;1;0;0;0;0;0;0;0;0;0;0;0;0;0;0;0;0;0;0
213100;Raub, räuberische Erpressung auf/gegen Geld- und Kassenboten;insg.;33;26;7;31;24;7;2;2;0;1;1;0;1;1;0;0;0;0;0;0;0;0;0;0
213110;Raub auf Geld- und Kassenboten § 249 StGB;voll.;10;8;2;10;8;2;1;1;0;0;0;0;1;1;0;0;0;0;0;0;0;0;0;0
213110;Raub auf Geld- und Kassenboten § 249 StGB;vers.;2;1;1;2;1;1;0;0;0;0;0;0;0;0;0;0;0;0;0;0;0;0;0;0
213110;Raub auf Geld- und Kassenboten § 249 StGB;insg.;12;9;3;12;9;3;1;1;0;0;0;0;1;1;0;0;0;0;0;0;0;0;0;0
213120;Schwerer Raub auf Geld- und Kassenboten § 250 StGB;voll.;14;11;3;12;9;3;1;1;0;1;1;0;0;0;0;0;0;0;0;0;0;0;0;0
213120;Schwerer Raub auf Geld- und Kassenboten § 250 StGB;vers.;2;2;0;2;2;0;0;0;0;0;0;0;0;0;0;0;0;0;0;0;0;0;0;0
213120;Schwerer Raub auf Geld- und Kassenboten § 250 StGB;insg.;16;13;3;14;11;3;1;1;0;1;1;0;0;0;0;0;0;0;0;0;0;0;0;0
213130;Raub mit Todesfolge auf Geld- und Kassenboten § 251 StGB;voll.;0;0;0;0;0;0;0;0;0;0;0;0;0;0;0;0;0;0;0;0;0;0;0;0
213130;Raub mit Todesfolge auf Geld- und Kassenboten § 251 StGB;vers.;0;0;0;0;0;0;0;0;0;0;0;0;0;0;0;0;0;0;0;0;0;0;0;0
213130;Raub mit Todesfolge auf Geld- und Kassenboten § 251 StGB;insg.;0;0;0;0;0;0;0;0;0;0;0;0;0;0;0;0;0;0;0;0;0;0;0;0
213150;Räuberische Erpressung gegen Geld- und Kassenboten § 255 StGB;voll.;5;4;1;5;4;1;0;0;0;0;0;0;0;0;0;0;0;0;0;0;0;0;0;0
213150;Räuberische Erpressung gegen Geld- und Kassenboten § 255 StGB;vers.;0;0;0;0;0;0;0;0;0;0;0;0;0;0;0;0;0;0;0;0;0;0;0;0
213150;Räuberische Erpressung gegen Geld- und Kassenboten § 255 StGB;insg.;5;4;1;5;4;1;0;0;0;0;0;0;0;0;0;0;0;0;0;0;0;0;0;0
213200;Raub, räuberische Erpressung auf/gegen Spezialgeldtransportfahrzeuge;voll.;2;1;1;2;1;1;0;0;0;0;0;0;0;0;0;0;0;0;0;0;0;0;0;0
213200;Raub, räuberische Erpressung auf/gegen Spezialgeldtransportfahrzeuge;vers.;0;0;0;0;0;0;0;0;0;0;0;0;0;0;0;0;0;0;0;0;0;0;0;0
213200;Raub, räuberische Erpressung auf/gegen Spezialgeldtransportfahrzeuge;insg.;2;1;1;2;1;1;0;0;0;0;0;0;0;0;0;0;0;0;0;0;0;0;0;0
213210;Raub auf Spezialgeldtransportfahrzeuge § 249 StGB;voll.;0;0;0;0;0;0;0;0;0;0;0;0;0;0;0;0;0;0;0;0;0;0;0;0
213210;Raub auf Spezialgeldtransportfahrzeuge § 249 StGB;vers.;0;0;0;0;0;0;0;0;0;0;0;0;0;0;0;0;0;0;0;0;0;0;0;0
213210;Raub auf Spezialgeldtransportfahrzeuge § 249 StGB;insg.;0;0;0;0;0;0;0;0;0;0;0;0;0;0;0;0;0;0;0;0;0;0;0;0
213220;Schwerer Raub auf Spezialgeldtransportfahrzeuge § 250 StGB;voll.;2;1;1;2;1;1;0;0;0;0;0;0;0;0;0;0;0;0;0;0;0;0;0;0
213220;Schwerer Raub auf Spezialgeldtransportfahrzeuge § 250 StGB;vers.;0;0;0;0;0;0;0;0;0;0;0;0;0;0;0;0;0;0;0;0;0;0;0;0
213220;Schwerer Raub auf Spezialgeldtransportfahrzeuge § 250 StGB;insg.;2;1;1;2;1;1;0;0;0;0;0;0;0;0;0;0;0;0;0;0;0;0;0;0
213230;Raub mit Todesfolge auf Spezialgeldtransportfahrzeuge § 251 StGB;voll.;0;0;0;0;0;0;0;0;0;0;0;0;0;0;0;0;0;0;0;0;0;0;0;0
213230;Raub mit Todesfolge auf Spezialgeldtransportfahrzeuge § 251 StGB;vers.;0;0;0;0;0;0;0;0;0;0;0;0;0;0;0;0;0;0;0;0;0;0;0;0
213230;Raub mit Todesfolge auf Spezialgeldtransportfahrzeuge § 251 StGB;insg.;0;0;0;0;0;0;0;0;0;0;0;0;0;0;0;0;0;0;0;0;0;0;0;0
213250;Räuberische Erpressung gegen Spezialgeldtransportfahrzeuge § 255 StGB;voll.;0;0;0;0;0;0;0;0;0;0;0;0;0;0;0;0;0;0;0;0;0;0;0;0
213250;Räuberische Erpressung gegen Spezialgeldtransportfahrzeuge § 255 StGB;vers.;0;0;0;0;0;0;0;0;0;0;0;0;0;0;0;0;0;0;0;0;0;0;0;0
213250;Räuberische Erpressung gegen Spezialgeldtransportfahrzeuge § 255 StGB;insg.;0;0;0;0;0;0;0;0;0;0;0;0;0;0;0;0;0;0;0;0;0;0;0;0
214000;Räuberischer Angriff auf Kraftfahrer § 316a StGB;voll.;81;62;19;73;55;18;16;14;2;9;8;1;1;0;1;5;5;0;1;1;0;0;0;0
214000;Räuberischer Angriff auf Kraftfahrer § 316a StGB;vers.;45;38;7;45;38;7;9;9;0;3;3;0;2;2;0;2;2;0;0;0;0;2;2;0
214000;Räuberischer Angriff auf Kraftfahrer § 316a StGB;insg.;126;100;26;118;93;25;25;23;2;12;11;1;3;2;1;7;7;0;1;1;0;2;2;0
214079;Räuberischer Angriff auf sonstige Kraftfahrer;voll.;62;45;17;54;38;16;9;7;2;4;3;1;1;0;1;4;4;0;0;0;0;0;0;0
214079;Räuberischer Angriff auf sonstige Kraftfahrer;vers.;31;24;7;31;24;7;4;4;0;0;0;0;1;1;0;1;1;0;0;0;0;2;2;0
214079;Räuberischer Angriff auf sonstige Kraftfahrer;insg.;93;69;24;85;62;23;13;11;2;4;3;1;2;1;1;5;5;0;0;0;0;2;2;0
214100;Beraubung von Taxifahrern;voll.;19;17;2;19;17;2;7;7;0;5;5;0;0;0;0;1;1;0;1;1;0;0;0;0
214100;Beraubung von Taxifahrern;vers.;14;14;0;14;14;0;5;5;0;3;3;0;1;1;0;1;1;0;0;0;0;0;0;0
214100;Beraubung von Taxifahrern;insg.;33;31;2;33;31;2;12;12;0;8;8;0;1;1;0;2;2;0;1;1;0;0;0;0
216000;Handtaschenraub;voll.;613;131;482;541;92;449;245;18;227;32;5;27;38;2;36;36;2;34;39;0;39;100;9;91
216000;Handtaschenraub;vers.;220;31;189;193;24;169;70;3;67;19;1;18;12;1;11;5;0;5;10;1;9;24;0;24
216000;Handtaschenraub;insg.;833;162;671;734;116;618;315;21;294;51;6;45;50;3;47;41;2;39;49;1;48;124;9;115
216010;Handtaschenraub § 249 StGB;voll.;549;104;445;492;77;415;230;16;214;31;4;27;37;1;36;33;2;31;37;0;37;92;9;83
216010;Handtaschenraub § 249 StGB;vers.;193;23;170;170;18;152;65;3;62;17;1;16;12;1;11;5;0;5;9;1;8;22;0;22
216010;Handtaschenraub § 249 StGB;insg.;742;127;615;662;95;567;295;19;276;48;5;43;49;2;47;38;2;36;46;1;45;114;9;105
216020;Handtaschenraub § 250 StGB;voll.;54;21;33;43;12;31;15;2;13;1;1;0;1;1;0;3;0;3;2;0;2;8;0;8
216020;Handtaschenraub § 250 StGB;vers.;19;6;13;16;5;11;2;0;2;1;0;1;0;0;0;0;0;0;1;0;1;0;0;0
216020;Handtaschenraub § 250 StGB;insg.;73;27;46;59;17;42;17;2;15;2;1;1;1;1;0;3;0;3;3;0;3;8;0;8
216030;Handtaschenraub mit Todesfolge § 251 StGB;voll.;0;0;0;0;0;0;0;0;0;0;0;0;0;0;0;0;0;0;0;0;0;0;0;0
216030;Handtaschenraub mit Todesfolge § 251 StGB;vers.;0;0;0;0;0;0;0;0;0;0;0;0;0;0;0;0;0;0;0;0;0;0;0;0
216030;Handtaschenraub mit Todesfolge § 251 StGB;insg.;0;0;0;0;0;0;0;0;0;0;0;0;0;0;0;0;0;0;0;0;0;0;0;0
216050;Räuberische Erpressung bei Handtaschenraub § 255 StGB;voll.;10;6;4;6;3;3;0;0;0;0;0;0;0;0;0;0;0;0;0;0;0;0;0;0
216050;Räuberische Erpressung bei Handtaschenraub § 255 StGB;vers.;8;2;6;7;1;6;3;0;3;1;0;1;0;0;0;0;0;0;0;0;0;2;0;2
216050;Räuberische Erpressung bei Handtaschenraub § 255 StGB;insg.;18;8;10;13;4;9;3;0;3;1;0;1;0;0;0;0;0;0;0;0;0;2;0;2
217000;Sonstige Raubüberfälle auf Straßen, Wegen oder Plätzen;voll.;10,765;9,291;1,474;6,442;5,348;1,094;704;456;248;226;168;58;159;115;44;96;64;32;84;46;38;139;63;76
217000;Sonstige Raubüberfälle auf Straßen, Wegen oder Plätzen;vers.;3,180;2,621;559;1,809;1,425;384;223;134;89;76;48;28;45;28;17;30;16;14;33;26;7;39;16;23
217000;Sonstige Raubüberfälle auf Straßen, Wegen oder Plätzen;insg.;13,945;11,912;2,033;8,251;6,773;1,478;927;590;337;302;216;86;204;143;61;126;80;46;117;72;45;178;79;99
217010;Sonstiger Raub auf Straßen, Wegen oder Plätzen § 249 StGB;voll.;6,366;5,257;1,109;4,197;3,344;853;570;350;220;168;122;46;119;81;38;82;52;30;75;40;35;126;55;71
217010;Sonstiger Raub auf Straßen, Wegen oder Plätzen § 249 StGB;vers.;1,374;1,058;316;832;599;233;143;82;61;37;20;17;28;19;9;20;12;8;24;18;6;34;13;21
217010;Sonstiger Raub auf Straßen, Wegen oder Plätzen § 249 StGB;insg.;7,740;6,315;1,425;5,029;3,943;1,086;713;432;281;205;142;63;147;100;47;102;64;38;99;58;41;160;68;92
217020;Sonstiger schwerer Raub auf Straßen, Wegen oder Plätzen § 250 StGB;voll.;2,285;2,090;195;1,364;1,235;129;90;68;22;39;31;8;27;22;5;10;9;1;6;3;3;8;3;5
217020;Sonstiger schwerer Raub auf Straßen, Wegen oder Plätzen § 250 StGB;vers.;556;482;74;346;299;47;26;16;10;12;8;4;5;2;3;1;0;1;4;4;0;4;2;2
217020;Sonstiger schwerer Raub auf Straßen, Wegen oder Plätzen § 250 StGB;insg.;2,841;2,572;269;1,710;1,534;176;116;84;32;51;39;12;32;24;8;11;9;2;10;7;3;12;5;7
217030;Sonstiger Raub mit Todesfolge auf Straßen, Wegen oder Plätzen § 251 StGB;voll.;2;2;0;2;2;0;1;1;0;0;0;0;0;0;0;0;0;0;0;0;0;1;1;0
217030;Sonstiger Raub mit Todesfolge auf Straßen, Wegen oder Plätzen § 251 StGB;vers.;0;0;0;0;0;0;0;0;0;0;0;0;0;0;0;0;0;0;0;0;0;0;0;0
217030;Sonstiger Raub mit Todesfolge auf Straßen, Wegen oder Plätzen § 251 StGB;insg.;2;2;0;2;2;0;1;1;0;0;0;0;0;0;0;0;0;0;0;0;0;1;1;0
217050;Sonstige räuberische Erpressung auf Straßen, Wegen oder Plätzen § 255 StGB;voll.;2,112;1,942;170;879;767;112;43;37;6;19;15;4;13;12;1;4;3;1;3;3;0;4;4;0
217050;Sonstige räuberische Erpressung auf Straßen, Wegen oder Plätzen § 255 StGB;vers.;1,250;1,081;169;631;527;104;54;36;18;27;20;7;12;7;5;9;4;5;5;4;1;1;1;0
217050;Sonstige räuberische Erpressung auf Straßen, Wegen oder Plätzen § 255 StGB;insg.;3,362;3,023;339;1,510;1,294;216;97;73;24;46;35;11;25;19;6;13;7;6;8;7;1;5;5;0
218000;Raub zur Erlangung von Betäubungsmitteln;voll.;102;89;13;60;49;11;2;2;0;1;1;0;0;0;0;1;1;0;0;0;0;0;0;0
218000;Raub zur Erlangung von Betäubungsmitteln;vers.;42;34;8;28;21;7;0;0;0;0;0;0;0;0;0;0;0;0;0;0;0;0;0;0
218000;Raub zur Erlangung von Betäubungsmitteln;insg.;144;123;21;88;70;18;2;2;0;1;1;0;0;0;0;1;1;0;0;0;0;0;0;0
218010;Raub zur Erlangung von Betäubungsmitteln § 249 StGB;voll.;32;25;7;21;16;5;1;1;0;0;0;0;0;0;0;1;1;0;0;0;0;0;0;0
218010;Raub zur Erlangung von Betäubungsmitteln § 249 StGB;vers.;13;9;4;6;2;4;0;0;0;0;0;0;0;0;0;0;0;0;0;0;0;0;0;0
218010;Raub zur Erlangung von Betäubungsmitteln § 249 StGB;insg.;45;34;11;27;18;9;1;1;0;0;0;0;0;0;0;1;1;0;0;0;0;0;0;0
218020;Schwerer Raub zur Erlangung von Betäubungsmitteln § 250 StGB;voll.;38;37;1;15;14;1;1;1;0;1;1;0;0;0;0;0;0;0;0;0;0;0;0;0
218020;Schwerer Raub zur Erlangung von Betäubungsmitteln § 250 StGB;vers.;20;18;2;17;15;2;0;0;0;0;0;0;0;0;0;0;0;0;0;0;0;0;0;0
218020;Schwerer Raub zur Erlangung von Betäubungsmitteln § 250 StGB;insg.;58;55;3;32;29;3;1;1;0;1;1;0;0;0;0;0;0;0;0;0;0;0;0;0
218030;Raub mit Todesfolge zur Erlangung von Betäubungsmitteln § 251 StGB;voll.;0;0;0;0;0;0;0;0;0;0;0;0;0;0;0;0;0;0;0;0;0;0;0;0
218030;Raub mit Todesfolge zur Erlangung von Betäubungsmitteln § 251 StGB;vers.;0;0;0;0;0;0;0;0;0;0;0;0;0;0;0;0;0;0;0;0;0;0;0;0
218030;Raub mit Todesfolge zur Erlangung von Betäubungsmitteln § 251 StGB;insg.;0;0;0;0;0;0;0;0;0;0;0;0;0;0;0;0;0;0;0;0;0;0;0;0
218050;Räuberische Erpressung zur Erlangung von Betäubungsmitteln § 255 StGB;voll.;32;27;5;24;19;5;0;0;0;0;0;0;0;0;0;0;0;0;0;0;0;0;0;0
218050;Räuberische Erpressung zur Erlangung von Betäubungsmitteln § 255 StGB;vers.;9;7;2;5;4;1;0;0;0;0;0;0;0;0;0;0;0;0;0;0;0;0;0;0
218050;Räuberische Erpressung zur Erlangung von Betäubungsmitteln § 255 StGB;insg.;41;34;7;29;23;6;0;0;0;0;0;0;0;0;0;0;0;0;0;0;0;0;0;0
219000;Raubüberfälle in Wohnungen;voll.;2,149;1,389;760;1,852;1,175;677;407;194;213;75;44;31;43;24;19;67;35;32;59;29;30;163;62;101
219000;Raubüberfälle in Wohnungen;vers.;515;312;203;454;275;179;106;48;58;16;11;5;21;10;11;13;6;7;12;6;6;44;15;29
219000;Raubüberfälle in Wohnungen;insg.;2,664;1,701;963;2,306;1,450;856;513;242;271;91;55;36;64;34;30;80;41;39;71;35;36;207;77;130
219010;Raub in Wohnungen § 249 StGB;voll.;959;527;432;852;467;385;221;91;130;31;20;11;20;10;10;31;17;14;34;15;19;105;29;76
219010;Raub in Wohnungen § 249 StGB;vers.;113;50;63;100;44;56;46;18;28;1;1;0;8;3;5;3;2;1;4;3;1;30;9;21
219010;Raub in Wohnungen § 249 StGB;insg.;1,072;577;495;952;511;441;267;109;158;32;21;11;28;13;15;34;19;15;38;18;20;135;38;97
219020;Schwerer Raub in Wohnungen § 250 StGB;voll.;750;564;186;640;477;163;127;74;53;28;17;11;15;9;6;23;12;11;20;13;7;41;23;18
219020;Schwerer Raub in Wohnungen § 250 StGB;vers.;112;70;42;99;62;37;20;9;11;2;1;1;4;3;1;1;0;1;3;1;2;10;4;6
219020;Schwerer Raub in Wohnungen § 250 StGB;insg.;862;634;228;739;539;200;147;83;64;30;18;12;19;12;7;24;12;12;23;14;9;51;27;24
219030;Raub mit Todesfolge in Wohnungen § 251 StGB;voll.;0;0;0;0;0;0;0;0;0;0;0;0;0;0;0;0;0;0;0;0;0;0;0;0
219030;Raub mit Todesfolge in Wohnungen § 251 StGB;vers.;0;0;0;0;0;0;0;0;0;0;0;0;0;0;0;0;0;0;0;0;0;0;0;0
219030;Raub mit Todesfolge in Wohnungen § 251 StGB;insg.;0;0;0;0;0;0;0;0;0;0;0;0;0;0;0;0;0;0;0;0;0;0;0;0
219050;Räuberische Erpressung in Wohnungen § 255 StGB;voll.;440;298;142;360;231;129;59;29;30;16;7;9;8;5;3;13;6;7;5;1;4;17;10;7
219050;Räuberische Erpressung in Wohnungen § 255 StGB;vers.;290;192;98;255;169;86;40;21;19;13;9;4;9;4;5;9;4;5;5;2;3;4;2;2
219050;Räuberische Erpressung in Wohnungen § 255 StGB;insg.;730;490;240;615;400;215;99;50;49;29;16;13;17;9;8;22;10;12;10;3;7;21;12;9
220000;Körperverletzung §§ 223-227, 229, 231 StGB;voll.;486,913;290,085;196,828;369,428;216,316;153,112;36,743;20,829;15,914;14,269;8,754;5,515;8,358;4,995;3,363;5,386;3,070;2,316;3,578;1,882;1,696;5,152;2,128;3,024
220000;Körperverletzung §§ 223-227, 229, 231 StGB;vers.;50,736;33,441;17,295;42,199;27,877;14,322;5,464;3,257;2,207;2,022;1,337;685;1,092;684;408;717;438;279;451;261;190;1,182;537;645
220000;Körperverletzung §§ 223-227, 229, 231 StGB;insg.;537,649;323,526;214,123;411,627;244,193;167,434;42,207;24,086;18,121;16,291;10,091;6,200;9,450;5,679;3,771;6,103;3,508;2,595;4,029;2,143;1,886;6,334;2,665;3,669
221000;Körperverletzung mit Todesfolge §§ 227, 231 StGB;voll.;74;48;26;67;41;26;43;23;20;2;2;0;5;5;0;5;3;2;4;0;4;27;13;14
221000;Körperverletzung mit Todesfolge §§ 227, 231 StGB;vers.;0;0;0;0;0;0;0;0;0;0;0;0;0;0;0;0;0;0;0;0;0;0;0;0
221000;Körperverletzung mit Todesfolge §§ 227, 231 StGB;insg.;74;48;26;67;41;26;43;23;20;2;2;0;5;5;0;5;3;2;4;0;4;27;13;14
221010;Körperverletzung mit Todesfolge § 227 StGB;voll.;73;47;26;66;40;26;43;23;20;2;2;0;5;5;0;5;3;2;4;0;4;27;13;14
221010;Körperverletzung mit Todesfolge § 227 StGB;vers.;0;0;0;0;0;0;0;0;0;0;0;0;0;0;0;0;0;0;0;0;0;0;0;0
221010;Körperverletzung mit Todesfolge § 227 StGB;insg.;73;47;26;66;40;26;43;23;20;2;2;0;5;5;0;5;3;2;4;0;4;27;13;14
221020;Beteiligung an einer Schlägerei mit Todesfolge § 231 StGB;voll.;1;1;0;1;1;0;0;0;0;0;0;0;0;0;0;0;0;0;0;0;0;0;0;0
221020;Beteiligung an einer Schlägerei mit Todesfolge § 231 StGB;vers.;0;0;0;0;0;0;0;0;0;0;0;0;0;0;0;0;0;0;0;0;0;0;0;0
221020;Beteiligung an einer Schlägerei mit Todesfolge § 231 StGB;insg.;1;1;0;1;1;0;0;0;0;0;0;0;0;0;0;0;0;0;0;0;0;0;0;0
222000;Gefährliche und schwere Körperverletzung, Verstümmelung weiblicher Genitalien §§ 224, 226, 226a, 231 StGB;voll.;122,645;88,419;34,226;89,808;64,921;24,887;6,571;4,296;2,275;2,697;1,915;782;1,437;1,000;437;888;569;319;556;335;221;993;477;516
222000;Gefährliche und schwere Körperverletzung, Verstümmelung weiblicher Genitalien §§ 224, 226, 226a, 231 StGB;vers.;25,195;17,501;7,694;20,754;14,557;6,197;2,054;1,314;740;913;620;293;447;275;172;285;175;110;187;105;82;222;139;83
222000;Gefährliche und schwere Körperverletzung, Verstümmelung weiblicher Genitalien §§ 224, 226, 226a, 231 StGB;insg.;147,840;105,920;41,920;110,562;79,478;31,084;8,625;5,610;3,015;3,610;2,535;1,075;1,884;1,275;609;1,173;744;429;743;440;303;1,215;616;599
222010;Sonstige Tatörtlichkeit bei gefährlicher Körperverletzung § 224 StGB;voll.;68,154;43,385;24,769;53,289;34,023;19,266;4,787;2,904;1,883;1,823;1,201;622;1,017;666;351;669;401;268;423;248;175;855;388;467
222010;Sonstige Tatörtlichkeit bei gefährlicher Körperverletzung § 224 StGB;vers.;14,995;9,766;5,229;12,812;8,398;4,414;1,415;843;572;611;393;218;320;183;137;195;110;85;147;81;66;142;76;66
222010;Sonstige Tatörtlichkeit bei gefährlicher Körperverletzung § 224 StGB;insg.;83,149;53,151;29,998;66,101;42,421;23,680;6,202;3,747;2,455;2,434;1,594;840;1,337;849;488;864;511;353;570;329;241;997;464;533
222020;Sonstige Tatörtlichkeit bei schwerer Körperverletzung § 226 StGB;voll.;367;237;130;310;203;107;53;33;20;15;14;1;14;11;3;6;3;3;4;1;3;14;4;10
222020;Sonstige Tatörtlichkeit bei schwerer Körperverletzung § 226 StGB;vers.;57;40;17;51;37;14;8;7;1;3;3;0;2;2;0;2;2;0;0;0;0;1;0;1
222020;Sonstige Tatörtlichkeit bei schwerer Körperverletzung § 226 StGB;insg.;424;277;147;361;240;121;61;40;21;18;17;1;16;13;3;8;5;3;4;1;3;15;4;11
222030;Sonstige Tatörtlichkeit bei Beteiligung an einer Schlägerei ohne Todesfolge § 231 StGB;voll.;11;11;0;8;8;0;0;0;0;0;0;0;0;0;0;0;0;0;0;0;0;0;0;0
222030;Sonstige Tatörtlichkeit bei Beteiligung an einer Schlägerei ohne Todesfolge § 231 StGB;vers.;0;0;0;0;0;0;0;0;0;0;0;0;0;0;0;0;0;0;0;0;0;0;0;0
222030;Sonstige Tatörtlichkeit bei Beteiligung an einer Schlägerei ohne Todesfolge § 231 StGB;insg.;11;11;0;8;8;0;0;0;0;0;0;0;0;0;0;0;0;0;0;0;0;0;0;0
222040;Verstümmelung weiblicher Genitalien § 226a StGB;voll.;4;0;4;0;0;0;0;0;0;0;0;0;0;0;0;0;0;0;0;0;0;0;0;0
222040;Verstümmelung weiblicher Genitalien § 226a StGB;vers.;0;0;0;0;0;0;0;0;0;0;0;0;0;0;0;0;0;0;0;0;0;0;0;0
222040;Verstümmelung weiblicher Genitalien § 226a StGB;insg.;4;0;4;0;0;0;0;0;0;0;0;0;0;0;0;0;0;0;0;0;0;0;0;0
222100;Gefährliche und schwere Körperverletzung auf Straßen, Wegen oder Plätzen;voll.;54,109;44,786;9,323;36,201;30,687;5,514;1,731;1,359;372;859;700;159;406;323;83;213;165;48;129;86;43;124;85;39
222100;Gefährliche und schwere Körperverletzung auf Straßen, Wegen oder Plätzen;vers.;10,143;7,695;2,448;7,891;6,122;1,769;631;464;167;299;224;75;125;90;35;88;63;25;40;24;16;79;63;16
222100;Gefährliche und schwere Körperverletzung auf Straßen, Wegen oder Plätzen;insg.;64,252;52,481;11,771;44,092;36,809;7,283;2,362;1,823;539;1,158;924;234;531;413;118;301;228;73;169;110;59;203;148;55
222110;Gefährliche Körperverletzung § 224 StGB auf Straßen, Wegen oder Plätzen;voll.;53,944;44,641;9,303;36,090;30,590;5,500;1,721;1,354;367;854;696;158;406;323;83;213;165;48;126;86;40;122;84;38
222110;Gefährliche Körperverletzung § 224 StGB auf Straßen, Wegen oder Plätzen;vers.;10,122;7,683;2,439;7,876;6,113;1,763;630;463;167;299;224;75;124;89;35;88;63;25;40;24;16;79;63;16
222110;Gefährliche Körperverletzung § 224 StGB auf Straßen, Wegen oder Plätzen;insg.;64,066;52,324;11,742;43,966;36,703;7,263;2,351;1,817;534;1,153;920;233;530;412;118;301;228;73;166;110;56;201;147;54
222120;Schwere Körperverletzung auf Straßen, Wegen oder Plätzen § 226 StGB;voll.;137;117;20;100;86;14;10;5;5;5;4;1;0;0;0;0;0;0;3;0;3;2;1;1
222120;Schwere Körperverletzung auf Straßen, Wegen oder Plätzen § 226 StGB;vers.;21;12;9;15;9;6;1;1;0;0;0;0;1;1;0;0;0;0;0;0;0;0;0;0
222120;Schwere Körperverletzung auf Straßen, Wegen oder Plätzen § 226 StGB;insg.;158;129;29;115;95;20;11;6;5;5;4;1;1;1;0;0;0;0;3;0;3;2;1;1
222130;Beteiligung an einer Schlägerei ohne Todesfolge auf Straßen, Wegen oder Plätzen § 231 StGB;voll.;28;28;0;11;11;0;0;0;0;0;0;0;0;0;0;0;0;0;0;0;0;0;0;0
222130;Beteiligung an einer Schlägerei ohne Todesfolge auf Straßen, Wegen oder Plätzen § 231 StGB;vers.;0;0;0;0;0;0;0;0;0;0;0;0;0;0;0;0;0;0;0;0;0;0;0;0
222130;Beteiligung an einer Schlägerei ohne Todesfolge auf Straßen, Wegen oder Plätzen § 231 StGB;insg.;28;28;0;11;11;0;0;0;0;0;0;0;0;0;0;0;0;0;0;0;0;0;0;0
223000;Misshandlung von Schutzbefohlenen § 225 StGB;voll.;5,702;2,936;2,766;625;225;400;488;157;331;25;10;15;33;11;22;41;19;22;69;30;39;320;87;233
223000;Misshandlung von Schutzbefohlenen § 225 StGB;vers.;92;57;35;8;3;5;7;3;4;0;0;0;1;1;0;0;0;0;2;1;1;4;1;3
223000;Misshandlung von Schutzbefohlenen § 225 StGB;insg.;5,794;2,993;2,801;633;228;405;495;160;335;25;10;15;34;12;22;41;19;22;71;31;40;324;88;236
223001;Misshandlung Schutzbefohlener ab 14 Jahren;voll.;1,315;488;827;625;225;400;488;157;331;25;10;15;33;11;22;41;19;22;69;30;39;320;87;233
223001;Misshandlung Schutzbefohlener ab 14 Jahren;vers.;14;8;6;8;3;5;7;3;4;0;0;0;1;1;0;0;0;0;2;1;1;4;1;3
223001;Misshandlung Schutzbefohlener ab 14 Jahren;insg.;1,329;496;833;633;228;405;495;160;335;25;10;15;34;12;22;41;19;22;71;31;40;324;88;236
223100;Misshandlung von Kindern;voll.;4,387;2,448;1,939;0;0;0;0;0;0;0;0;0;0;0;0;0;0;0;0;0;0;0;0;0
223100;Misshandlung von Kindern;vers.;78;49;29;0;0;0;0;0;0;0;0;0;0;0;0;0;0;0;0;0;0;0;0;0
223100;Misshandlung von Kindern;insg.;4,465;2,497;1,968;0;0;0;0;0;0;0;0;0;0;0;0;0;0;0;0;0;0;0;0;0
224000;Vorsätzliche einfache Körperverletzung § 223 StGB;voll.;336,376;187,159;149,217;261,739;142,236;119,503;25,551;14,417;11,134;10,319;6,193;4,126;5,919;3,496;2,423;3,823;2,162;1,661;2,439;1,285;1,154;3,051;1,281;1,770
224000;Vorsätzliche einfache Körperverletzung § 223 StGB;vers.;25,449;15,883;9,566;21,437;13,317;8,120;3,403;1,940;1,463;1,109;717;392;644;408;236;432;263;169;262;155;107;956;397;559
224000;Vorsätzliche einfache Körperverletzung § 223 StGB;insg.;361,825;203,042;158,783;283,176;155,553;127,623;28,954;16,357;12,597;11,428;6,910;4,518;6,563;3,904;2,659;4,255;2,425;1,830;2,701;1,440;1,261;4,007;1,678;2,329
225000;Fahrlässige Körperverletzung § 229 StGB;voll.;22,116;11,523;10,593;17,189;8,893;8,296;4,090;1,936;2,154;1,226;634;592;964;483;481;629;317;312;510;232;278;761;270;491
225000;Fahrlässige Körperverletzung § 229 StGB;vers.;0;0;0;0;0;0;0;0;0;0;0;0;0;0;0;0;0;0;0;0;0;0;0;0
225000;Fahrlässige Körperverletzung § 229 StGB;insg.;22,116;11,523;10,593;17,189;8,893;8,296;4,090;1,936;2,154;1,226;634;592;964;483;481;629;317;312;510;232;278;761;270;491
230000;Straftaten gegen die persönliche Freiheit §§ 232-233a, 234, 235, 236, 237, 238-239b, 240, 241, 316c StGB;voll.;253,616;138,665;114,951;212,975;117,201;95,774;25,635;15,948;9,687;11,035;7,023;4,012;6,573;4,158;2,415;3,766;2,319;1,447;2,172;1,324;848;2,089;1,124;965
230000;Straftaten gegen die persönliche Freiheit §§ 232-233a, 234, 235, 236, 237, 238-239b, 240, 241, 316c StGB;vers.;6,100;3,084;3,016;4,863;2,610;2,253;637;391;246;278;183;95;165;106;59;87;52;35;49;27;22;58;23;35
230000;Straftaten gegen die persönliche Freiheit §§ 232-233a, 234, 235, 236, 237, 238-239b, 240, 241, 316c StGB;insg.;259,716;141,749;117,967;217,838;119,811;98,027;26,272;16,339;9,933;11,313;7,206;4,107;6,738;4,264;2,474;3,853;2,371;1,482;2,221;1,351;870;2,147;1,147;1,000
231000;Menschenraub, Entziehung Minderjähriger, Kinderhandel §§ 234, 235, 236 StGB;voll.;1,786;981;805;775;463;312;14;8;6;9;4;5;2;2;0;0;0;0;1;1;0;2;1;1
231000;Menschenraub, Entziehung Minderjähriger, Kinderhandel §§ 234, 235, 236 StGB;vers.;204;89;115;78;26;52;3;2;1;1;1;0;1;1;0;1;0;1;0;0;0;0;0;0
231000;Menschenraub, Entziehung Minderjähriger, Kinderhandel §§ 234, 235, 236 StGB;insg.;1,990;1,070;920;853;489;364;17;10;7;10;5;5;3;3;0;1;0;1;1;1;0;2;1;1
231100;Menschenraub § 234 StGB;voll.;4;3;1;3;2;1;1;0;1;0;0;0;0;0;0;0;0;0;0;0;0;1;0;1
231100;Menschenraub § 234 StGB;vers.;0;0;0;0;0;0;0;0;0;0;0;0;0;0;0;0;0;0;0;0;0;0;0;0
231100;Menschenraub § 234 StGB;insg.;4;3;1;3;2;1;1;0;1;0;0;0;0;0;0;0;0;0;0;0;0;1;0;1
231200;Entziehung Minderjähriger § 235 StGB;voll.;1,770;972;798;772;461;311;13;8;5;9;4;5;2;2;0;0;0;0;1;1;0;1;1;0
231200;Entziehung Minderjähriger § 235 StGB;vers.;199;85;114;78;26;52;3;2;1;1;1;0;1;1;0;1;0;1;0;0;0;0;0;0
231200;Entziehung Minderjähriger § 235 StGB;insg.;1,969;1,057;912;850;487;363;16;10;6;10;5;5;3;3;0;1;0;1;1;1;0;1;1;0
231210;Entziehung Minderjähriger gegen Entgelt oder in Bereicherungsabsicht § 235 Abs. 4 Nr. 2 StGB;voll.;13;7;6;4;4;0;0;0;0;0;0;0;0;0;0;0;0;0;0;0;0;0;0;0
231210;Entziehung Minderjähriger gegen Entgelt oder in Bereicherungsabsicht § 235 Abs. 4 Nr. 2 StGB;vers.;2;0;2;1;0;1;0;0;0;0;0;0;0;0;0;0;0;0;0;0;0;0;0;0
231210;Entziehung Minderjähriger gegen Entgelt oder in Bereicherungsabsicht § 235 Abs. 4 Nr. 2 StGB;insg.;15;7;8;5;4;1;0;0;0;0;0;0;0;0;0;0;0;0;0;0;0;0;0;0
231279;Sonstige Entziehung Minderjähriger § 235 StGB;voll.;1,757;965;792;768;457;311;13;8;5;9;4;5;2;2;0;0;0;0;1;1;0;1;1;0
231279;Sonstige Entziehung Minderjähriger § 235 StGB;vers.;197;85;112;77;26;51;3;2;1;1;1;0;1;1;0;1;0;1;0;0;0;0;0;0
231279;Sonstige Entziehung Minderjähriger § 235 StGB;insg.;1,954;1,050;904;845;483;362;16;10;6;10;5;5;3;3;0;1;0;1;1;1;0;1;1;0
231300;Kinderhandel § 236 StGB;voll.;12;6;6;0;0;0;0;0;0;0;0;0;0;0;0;0;0;0;0;0;0;0;0;0
231300;Kinderhandel § 236 StGB;vers.;5;4;1;0;0;0;0;0;0;0;0;0;0;0;0;0;0;0;0;0;0;0;0;0
231300;Kinderhandel § 236 StGB;insg.;17;10;7;0;0;0;0;0;0;0;0;0;0;0;0;0;0;0;0;0;0;0;0;0
232000;Zwangsheirat, Nachstellung (Stalking), Freiheitsberaubung, Nötigung, Bedrohung §§ 237, 238, 239, 240, 241 StGB;voll.;251,234;137,461;113,773;211,801;116,576;95,225;25,608;15,935;9,673;11,018;7,016;4,002;6,570;4,155;2,415;3,765;2,319;1,446;2,170;1,322;848;2,085;1,123;962
232000;Zwangsheirat, Nachstellung (Stalking), Freiheitsberaubung, Nötigung, Bedrohung §§ 237, 238, 239, 240, 241 StGB;vers.;5,838;2,978;2,860;4,748;2,574;2,174;629;386;243;277;182;95;164;105;59;81;49;32;49;27;22;58;23;35
232000;Zwangsheirat, Nachstellung (Stalking), Freiheitsberaubung, Nötigung, Bedrohung §§ 237, 238, 239, 240, 241 StGB;insg.;257,072;140,439;116,633;216,549;119,150;97,399;26,237;16,321;9,916;11,295;7,198;4,097;6,734;4,260;2,474;3,846;2,368;1,478;2,219;1,349;870;2,143;1,146;997
232100;Freiheitsberaubung § 239 StGB;voll.;5,329;2,050;3,279;3,846;1,489;2,357;472;202;270;118;51;67;81;36;45;72;43;29;48;25;23;153;47;106
232100;Freiheitsberaubung § 239 StGB;vers.;248;68;180;137;38;99;17;5;12;5;2;3;1;0;1;2;0;2;3;1;2;6;2;4
232100;Freiheitsberaubung § 239 StGB;insg.;5,577;2,118;3,459;3,983;1,527;2,456;489;207;282;123;53;70;82;36;46;74;43;31;51;26;25;159;49;110
232200;Nötigung § 240 StGB;voll.;68,401;41,288;27,113;59,871;36,970;22,901;8,930;6,280;2,650;3,913;2,781;1,132;2,325;1,699;626;1,298;892;406;741;511;230;653;397;256
232200;Nötigung § 240 StGB;vers.;5,539;2,904;2,635;4,596;2,532;2,064;612;381;231;272;180;92;163;105;58;79;49;30;46;26;20;52;21;31
232200;Nötigung § 240 StGB;insg.;73,940;44,192;29,748;64,467;39,502;24,965;9,542;6,661;2,881;4,185;2,961;1,224;2,488;1,804;684;1,377;941;436;787;537;250;705;418;287
232201;Nötigung im Straßenverkehr § 240 Abs. 1 StGB;voll.;33,606;22,731;10,875;31,307;21,377;9,930;4,382;3,415;967;1,994;1,531;463;1,196;945;251;659;514;145;314;254;60;219;171;48
232201;Nötigung im Straßenverkehr § 240 Abs. 1 StGB;vers.;513;336;177;476;314;162;55;40;15;23;16;7;20;15;5;9;7;2;1;1;0;2;1;1
232201;Nötigung im Straßenverkehr § 240 Abs. 1 StGB;insg.;34,119;23,067;11,052;31,783;21,691;10,092;4,437;3,455;982;2,017;1,547;470;1,216;960;256;668;521;147;315;255;60;221;172;49
232279;Sonstige Nötigung § 240 Abs. 1 und 4 StGB;voll.;34,795;18,557;16,238;28,564;15,593;12,971;4,548;2,865;1,683;1,919;1,250;669;1,129;754;375;639;378;261;427;257;170;434;226;208
232279;Sonstige Nötigung § 240 Abs. 1 und 4 StGB;vers.;5,026;2,568;2,458;4,120;2,218;1,902;557;341;216;249;164;85;143;90;53;70;42;28;45;25;20;50;20;30
232279;Sonstige Nötigung § 240 Abs. 1 und 4 StGB;insg.;39,821;21,125;18,696;32,684;17,811;14,873;5,105;3,206;1,899;2,168;1,414;754;1,272;844;428;709;420;289;472;282;190;484;246;238
232300;Bedrohung § 241 StGB;voll.;155,385;89,723;65,662;128,588;74,157;54,431;14,783;8,936;5,847;6,350;3,957;2,393;3,816;2,299;1,517;2,194;1,308;886;1,266;746;520;1,157;626;531
232300;Bedrohung § 241 StGB;vers.;0;0;0;0;0;0;0;0;0;0;0;0;0;0;0;0;0;0;0;0;0;0;0;0
232300;Bedrohung § 241 StGB;insg.;155,385;89,723;65,662;128,588;74,157;54,431;14,783;8,936;5,847;6,350;3,957;2,393;3,816;2,299;1,517;2,194;1,308;886;1,266;746;520;1,157;626;531
232400;Nachstellung (Stalking) § 238 StGB;voll.;22,091;4,398;17,693;19,491;3,960;15,531;1,423;517;906;637;227;410;348;121;227;201;76;125;115;40;75;122;53;69
232400;Nachstellung (Stalking) § 238 StGB;vers.;0;0;0;0;0;0;0;0;0;0;0;0;0;0;0;0;0;0;0;0;0;0;0;0
232400;Nachstellung (Stalking) § 238 StGB;insg.;22,091;4,398;17,693;19,491;3,960;15,531;1,423;517;906;637;227;410;348;121;227;201;76;125;115;40;75;122;53;69
232410;Nachstellung (Stalking) § 238, Abs. 1 StGB;voll.;21,909;4,364;17,545;19,346;3,931;15,415;1,416;515;901;634;226;408;346;121;225;201;76;125;115;40;75;120;52;68
232410;Nachstellung (Stalking) § 238, Abs. 1 StGB;vers.;0;0;0;0;0;0;0;0;0;0;0;0;0;0;0;0;0;0;0;0;0;0;0;0
232410;Nachstellung (Stalking) § 238, Abs. 1 StGB;insg.;21,909;4,364;17,545;19,346;3,931;15,415;1,416;515;901;634;226;408;346;121;225;201;76;125;115;40;75;120;52;68
232420;Nachstellung (Stalking) § 238, Abs. 2 StGB;voll.;178;33;145;141;28;113;7;2;5;3;1;2;2;0;2;0;0;0;0;0;0;2;1;1
232420;Nachstellung (Stalking) § 238, Abs. 2 StGB;vers.;0;0;0;0;0;0;0;0;0;0;0;0;0;0;0;0;0;0;0;0;0;0;0;0
232420;Nachstellung (Stalking) § 238, Abs. 2 StGB;insg.;178;33;145;141;28;113;7;2;5;3;1;2;2;0;2;0;0;0;0;0;0;2;1;1
232430;Nachstellung (Stalking) § 238, Abs. 3 StGB;voll.;4;1;3;4;1;3;0;0;0;0;0;0;0;0;0;0;0;0;0;0;0;0;0;0
232430;Nachstellung (Stalking) § 238, Abs. 3 StGB;vers.;0;0;0;0;0;0;0;0;0;0;0;0;0;0;0;0;0;0;0;0;0;0;0;0
232430;Nachstellung (Stalking) § 238, Abs. 3 StGB;insg.;4;1;3;4;1;3;0;0;0;0;0;0;0;0;0;0;0;0;0;0;0;0;0;0
232500;Zwangsheirat § 237 StGB;voll.;28;2;26;5;0;5;0;0;0;0;0;0;0;0;0;0;0;0;0;0;0;0;0;0
232500;Zwangsheirat § 237 StGB;vers.;51;6;45;15;4;11;0;0;0;0;0;0;0;0;0;0;0;0;0;0;0;0;0;0
232500;Zwangsheirat § 237 StGB;insg.;79;8;71;20;4;16;0;0;0;0;0;0;0;0;0;0;0;0;0;0;0;0;0;0
233000;Erpresserischer Menschenraub § 239a StGB;voll.;63;49;14;44;34;10;6;2;4;2;0;2;1;1;0;1;0;1;1;1;0;1;0;1
233000;Erpresserischer Menschenraub § 239a StGB;vers.;20;12;8;15;8;7;5;3;2;0;0;0;0;0;0;5;3;2;0;0;0;0;0;0
233000;Erpresserischer Menschenraub § 239a StGB;insg.;83;61;22;59;42;17;11;5;6;2;0;2;1;1;0;6;3;3;1;1;0;1;0;1
233079;Sonstiger erpresserischer Menschenraub;voll.;56;45;11;37;30;7;5;2;3;1;0;1;1;1;0;1;0;1;1;1;0;1;0;1
233079;Sonstiger erpresserischer Menschenraub;vers.;18;11;7;13;7;6;3;2;1;0;0;0;0;0;0;3;2;1;0;0;0;0;0;0
233079;Sonstiger erpresserischer Menschenraub;insg.;74;56;18;50;37;13;8;4;4;1;0;1;1;1;0;4;2;2;1;1;0;1;0;1
233100;Erpresserischer Menschenraub i.V.m. Raubüberfall auf Geldinstitute, Postfilialen und -agenturen;voll.;3;2;1;3;2;1;0;0;0;0;0;0;0;0;0;0;0;0;0;0;0;0;0;0
233100;Erpresserischer Menschenraub i.V.m. Raubüberfall auf Geldinstitute, Postfilialen und -agenturen;vers.;0;0;0;0;0;0;0;0;0;0;0;0;0;0;0;0;0;0;0;0;0;0;0;0
233100;Erpresserischer Menschenraub i.V.m. Raubüberfall auf Geldinstitute, Postfilialen und -agenturen;insg.;3;2;1;3;2;1;0;0;0;0;0;0;0;0;0;0;0;0;0;0;0;0;0;0
233200;Erpresserischer Menschenraub i.V.m. Raubüberfall auf sonstige Kassenräume und Geschäfte;voll.;4;2;2;4;2;2;1;0;1;1;0;1;0;0;0;0;0;0;0;0;0;0;0;0
233200;Erpresserischer Menschenraub i.V.m. Raubüberfall auf sonstige Kassenräume und Geschäfte;vers.;2;1;1;2;1;1;2;1;1;0;0;0;0;0;0;2;1;1;0;0;0;0;0;0
233200;Erpresserischer Menschenraub i.V.m. Raubüberfall auf sonstige Kassenräume und Geschäfte;insg.;6;3;3;6;3;3;3;1;2;1;0;1;0;0;0;2;1;1;0;0;0;0;0;0
233300;Erpresserischer Menschenraub i.V.m. Raubüberfall auf Geld- und Werttransporte;voll.;0;0;0;0;0;0;0;0;0;0;0;0;0;0;0;0;0;0;0;0;0;0;0;0
233300;Erpresserischer Menschenraub i.V.m. Raubüberfall auf Geld- und Werttransporte;vers.;0;0;0;0;0;0;0;0;0;0;0;0;0;0;0;0;0;0;0;0;0;0;0;0
233300;Erpresserischer Menschenraub i.V.m. Raubüberfall auf Geld- und Werttransporte;insg.;0;0;0;0;0;0;0;0;0;0;0;0;0;0;0;0;0;0;0;0;0;0;0;0
234000;Geiselnahme § 239b StGB;voll.;34;24;10;24;15;9;1;0;1;1;0;1;0;0;0;0;0;0;0;0;0;0;0;0
234000;Geiselnahme § 239b StGB;vers.;2;0;2;2;0;2;0;0;0;0;0;0;0;0;0;0;0;0;0;0;0;0;0;0
234000;Geiselnahme § 239b StGB;insg.;36;24;12;26;15;11;1;0;1;1;0;1;0;0;0;0;0;0;0;0;0;0;0;0
234079;Sonstige Geiselnahme;voll.;31;24;7;21;15;6;1;0;1;1;0;1;0;0;0;0;0;0;0;0;0;0;0;0
234079;Sonstige Geiselnahme;vers.;2;0;2;2;0;2;0;0;0;0;0;0;0;0;0;0;0;0;0;0;0;0;0;0
234079;Sonstige Geiselnahme;insg.;33;24;9;23;15;8;1;0;1;1;0;1;0;0;0;0;0;0;0;0;0;0;0;0
234100;Geiselnahme i.V.m. Raubüberfall auf Geldinstitute, Postfilialen und -agenturen;voll.;0;0;0;0;0;0;0;0;0;0;0;0;0;0;0;0;0;0;0;0;0;0;0;0
234100;Geiselnahme i.V.m. Raubüberfall auf Geldinstitute, Postfilialen und -agenturen;vers.;0;0;0;0;0;0;0;0;0;0;0;0;0;0;0;0;0;0;0;0;0;0;0;0
234100;Geiselnahme i.V.m. Raubüberfall auf Geldinstitute, Postfilialen und -agenturen;insg.;0;0;0;0;0;0;0;0;0;0;0;0;0;0;0;0;0;0;0;0;0;0;0;0
234200;Geiselnahme i.V.m. Raubüberfall auf sonstige Kassenräume und Geschäfte;voll.;3;0;3;3;0;3;0;0;0;0;0;0;0;0;0;0;0;0;0;0;0;0;0;0
234200;Geiselnahme i.V.m. Raubüberfall auf sonstige Kassenräume und Geschäfte;vers.;0;0;0;0;0;0;0;0;0;0;0;0;0;0;0;0;0;0;0;0;0;0;0;0
234200;Geiselnahme i.V.m. Raubüberfall auf sonstige Kassenräume und Geschäfte;insg.;3;0;3;3;0;3;0;0;0;0;0;0;0;0;0;0;0;0;0;0;0;0;0;0
234300;Geiselnahme i.V.m. Raubüberfall auf Geld- und Werttransporte;voll.;0;0;0;0;0;0;0;0;0;0;0;0;0;0;0;0;0;0;0;0;0;0;0;0
234300;Geiselnahme i.V.m. Raubüberfall auf Geld- und Werttransporte;vers.;0;0;0;0;0;0;0;0;0;0;0;0;0;0;0;0;0;0;0;0;0;0;0;0
234300;Geiselnahme i.V.m. Raubüberfall auf Geld- und Werttransporte;insg.;0;0;0;0;0;0;0;0;0;0;0;0;0;0;0;0;0;0;0;0;0;0;0;0
239100;Menschenhandel § 232 StGB;voll.;206;84;122;154;71;83;4;2;2;3;2;1;0;0;0;0;0;0;0;0;0;1;0;1
239100;Menschenhandel § 232 StGB;vers.;16;3;13;9;1;8;0;0;0;0;0;0;0;0;0;0;0;0;0;0;0;0;0;0
239100;Menschenhandel § 232 StGB;insg.;222;87;135;163;72;91;4;2;2;3;2;1;0;0;0;0;0;0;0;0;0;1;0;1
239110;Handel zum Zweck der Ausbeutung bei Ausübung der Prostitution, der Vornahme sexueller Handlungen § 232 Abs. 1 Nr. 1a. Abs. 2 in Bezug auf Abs. 1 Nr. 1a, Abs. 3 Nr. 1 bis 3 in Bezug auf Abs. 1 Nr. 1a, Abs. 4 in Bezug auf Abs. 1 Nr. 1a StGB;voll.;111;13;98;76;12;64;1;0;1;0;0;0;0;0;0;0;0;0;0;0;0;1;0;1
239110;Handel zum Zweck der Ausbeutung bei Ausübung der Prostitution, der Vornahme sexueller Handlungen § 232 Abs. 1 Nr. 1a. Abs. 2 in Bezug auf Abs. 1 Nr. 1a, Abs. 3 Nr. 1 bis 3 in Bezug auf Abs. 1 Nr. 1a, Abs. 4 in Bezug auf Abs. 1 Nr. 1a StGB;vers.;15;2;13;9;1;8;0;0;0;0;0;0;0;0;0;0;0;0;0;0;0;0;0;0
239110;Handel zum Zweck der Ausbeutung bei Ausübung der Prostitution, der Vornahme sexueller Handlungen § 232 Abs. 1 Nr. 1a. Abs. 2 in Bezug auf Abs. 1 Nr. 1a, Abs. 3 Nr. 1 bis 3 in Bezug auf Abs. 1 Nr. 1a, Abs. 4 in Bezug auf Abs. 1 Nr. 1a StGB;insg.;126;15;111;85;13;72;1;0;1;0;0;0;0;0;0;0;0;0;0;0;0;1;0;1
239120;"Handel zum Zweck der Ausbeutung durch eine Beschäftigung § 232 StGB Abs. 1, Nr. 1 b); Abs. 2 in Bezug auf Abs. 1 Nr. 1b); Abs. 3 Nr. 1 bis 3 in Bezug auf Abs. 1, Nr. 1b); Abs. 4 in Bezug auf Abs. 1 Nr. 1b) StGB";voll.;68;52;16;58;44;14;0;0;0;0;0;0;0;0;0;0;0;0;0;0;0;0;0;0
239120;"Handel zum Zweck der Ausbeutung durch eine Beschäftigung § 232 StGB Abs. 1, Nr. 1 b); Abs. 2 in Bezug auf Abs. 1 Nr. 1b); Abs. 3 Nr. 1 bis 3 in Bezug auf Abs. 1, Nr. 1b); Abs. 4 in Bezug auf Abs. 1 Nr. 1b) StGB";vers.;0;0;0;0;0;0;0;0;0;0;0;0;0;0;0;0;0;0;0;0;0;0;0;0
239120;"Handel zum Zweck der Ausbeutung durch eine Beschäftigung § 232 StGB Abs. 1, Nr. 1 b); Abs. 2 in Bezug auf Abs. 1 Nr. 1b); Abs. 3 Nr. 1 bis 3 in Bezug auf Abs. 1, Nr. 1b); Abs. 4 in Bezug auf Abs. 1 Nr. 1b) StGB";insg.;68;52;16;58;44;14;0;0;0;0;0;0;0;0;0;0;0;0;0;0;0;0;0;0
239130;Handel zum Zweck der Ausbeutung bei der Ausübung der Bettelei § 232 Abs. 1 Nr. 1 c), Abs. 2 in Bezug auf Abs. 1 Nr. 1 c), Abs. 3 Nr. 1 bis 3 in Bezug auf Abs. 1 Nr. 1c), Abs. 4 in Bezug auf Abs. 1 Nr. 1c) StGB;voll.;12;8;4;9;6;3;3;2;1;3;2;1;0;0;0;0;0;0;0;0;0;0;0;0
239130;Handel zum Zweck der Ausbeutung bei der Ausübung der Bettelei § 232 Abs. 1 Nr. 1 c), Abs. 2 in Bezug auf Abs. 1 Nr. 1 c), Abs. 3 Nr. 1 bis 3 in Bezug auf Abs. 1 Nr. 1c), Abs. 4 in Bezug auf Abs. 1 Nr. 1c) StGB;vers.;0;0;0;0;0;0;0;0;0;0;0;0;0;0;0;0;0;0;0;0;0;0;0;0
239130;Handel zum Zweck der Ausbeutung bei der Ausübung der Bettelei § 232 Abs. 1 Nr. 1 c), Abs. 2 in Bezug auf Abs. 1 Nr. 1 c), Abs. 3 Nr. 1 bis 3 in Bezug auf Abs. 1 Nr. 1c), Abs. 4 in Bezug auf Abs. 1 Nr. 1c) StGB;insg.;12;8;4;9;6;3;3;2;1;3;2;1;0;0;0;0;0;0;0;0;0;0;0;0
239140;Handel zum Zweck der Ausbeutung bei der Begehung von mit Strafe bedrohten Handlungen § 232 StGB Abs. 1 Nr. 1d), Abs. 2 in Bezug auf Abs. 1 Nr. 1d), Abs. 3 Nr. 1 bis 3 in Bezug auf Abs. 1, Nr. 1d), Abs. 4 in Bezug auf Abs. 1 Nr. 1d) StGB;voll.;9;7;2;5;5;0;0;0;0;0;0;0;0;0;0;0;0;0;0;0;0;0;0;0
239140;Handel zum Zweck der Ausbeutung bei der Begehung von mit Strafe bedrohten Handlungen § 232 StGB Abs. 1 Nr. 1d), Abs. 2 in Bezug auf Abs. 1 Nr. 1d), Abs. 3 Nr. 1 bis 3 in Bezug auf Abs. 1, Nr. 1d), Abs. 4 in Bezug auf Abs. 1 Nr. 1d) StGB;vers.;1;1;0;0;0;0;0;0;0;0;0;0;0;0;0;0;0;0;0;0;0;0;0;0
239140;Handel zum Zweck der Ausbeutung bei der Begehung von mit Strafe bedrohten Handlungen § 232 StGB Abs. 1 Nr. 1d), Abs. 2 in Bezug auf Abs. 1 Nr. 1d), Abs. 3 Nr. 1 bis 3 in Bezug auf Abs. 1, Nr. 1d), Abs. 4 in Bezug auf Abs. 1 Nr. 1d) StGB;insg.;10;8;2;5;5;0;0;0;0;0;0;0;0;0;0;0;0;0;0;0;0;0;0;0
239150;Handel zum Zweck des Haltens einer Person in Sklaverei, Leibeigenschaft, Schuldknechtschaft o.ä. § 232 Abs. 1 Nr. 2, Abs. 2 in Bezug auf Abs. 1 Nr. 2, Abs. 3 Nr. 1 bis 3 in Bezug auf Abs. 1 Nr. 2, Abs. 4 in Bezug auf Abs. 1 Nr. 2 StGB;voll.;6;4;2;6;4;2;0;0;0;0;0;0;0;0;0;0;0;0;0;0;0;0;0;0
239150;Handel zum Zweck des Haltens einer Person in Sklaverei, Leibeigenschaft, Schuldknechtschaft o.ä. § 232 Abs. 1 Nr. 2, Abs. 2 in Bezug auf Abs. 1 Nr. 2, Abs. 3 Nr. 1 bis 3 in Bezug auf Abs. 1 Nr. 2, Abs. 4 in Bezug auf Abs. 1 Nr. 2 StGB;vers.;0;0;0;0;0;0;0;0;0;0;0;0;0;0;0;0;0;0;0;0;0;0;0;0
239150;Handel zum Zweck des Haltens einer Person in Sklaverei, Leibeigenschaft, Schuldknechtschaft o.ä. § 232 Abs. 1 Nr. 2, Abs. 2 in Bezug auf Abs. 1 Nr. 2, Abs. 3 Nr. 1 bis 3 in Bezug auf Abs. 1 Nr. 2, Abs. 4 in Bezug auf Abs. 1 Nr. 2 StGB;insg.;6;4;2;6;4;2;0;0;0;0;0;0;0;0;0;0;0;0;0;0;0;0;0;0
239160;Handel zum Zweck der rechtswidrigen Organentnahme § 232 Abs. 1 Nr. 3, Abs. 2 in Bezug auf Abs. 1 Nr. 3, Abs. 3 Nr. 1 bis 3 in Bezug auf Abs. 1 Nr. 3, Abs. 4 in Bezug auf Abs. 1 Nr. 3 StGB;voll.;0;0;0;0;0;0;0;0;0;0;0;0;0;0;0;0;0;0;0;0;0;0;0;0
239160;Handel zum Zweck der rechtswidrigen Organentnahme § 232 Abs. 1 Nr. 3, Abs. 2 in Bezug auf Abs. 1 Nr. 3, Abs. 3 Nr. 1 bis 3 in Bezug auf Abs. 1 Nr. 3, Abs. 4 in Bezug auf Abs. 1 Nr. 3 StGB;vers.;0;0;0;0;0;0;0;0;0;0;0;0;0;0;0;0;0;0;0;0;0;0;0;0
239160;Handel zum Zweck der rechtswidrigen Organentnahme § 232 Abs. 1 Nr. 3, Abs. 2 in Bezug auf Abs. 1 Nr. 3, Abs. 3 Nr. 1 bis 3 in Bezug auf Abs. 1 Nr. 3, Abs. 4 in Bezug auf Abs. 1 Nr. 3 StGB;insg.;0;0;0;0;0;0;0;0;0;0;0;0;0;0;0;0;0;0;0;0;0;0;0;0
239210;Veranlassen zur Aufnahme oder Fortsetzung der Prostitution oder zu sexuellen Handlungen, durch die eine Person ausgebeutet wird § 232a Abs. 1 bis 5 StGB;voll.;234;38;196;130;17;113;1;0;1;1;0;1;0;0;0;0;0;0;0;0;0;0;0;0
239210;Veranlassen zur Aufnahme oder Fortsetzung der Prostitution oder zu sexuellen Handlungen, durch die eine Person ausgebeutet wird § 232a Abs. 1 bis 5 StGB;vers.;19;2;17;10;1;9;0;0;0;0;0;0;0;0;0;0;0;0;0;0;0;0;0;0
239210;Veranlassen zur Aufnahme oder Fortsetzung der Prostitution oder zu sexuellen Handlungen, durch die eine Person ausgebeutet wird § 232a Abs. 1 bis 5 StGB;insg.;253;40;213;140;18;122;1;0;1;1;0;1;0;0;0;0;0;0;0;0;0;0;0;0
239300;Zwangsarbeit § 232b StGB;voll.;8;8;0;8;8;0;1;1;0;1;1;0;0;0;0;0;0;0;0;0;0;0;0;0
239300;Zwangsarbeit § 232b StGB;vers.;0;0;0;0;0;0;0;0;0;0;0;0;0;0;0;0;0;0;0;0;0;0;0;0
239300;Zwangsarbeit § 232b StGB;insg.;8;8;0;8;8;0;1;1;0;1;1;0;0;0;0;0;0;0;0;0;0;0;0;0
239310;Veranlassen zur Aufnahme einer ausbeuterischen Beschäftigung § 232b Abs. 1 Nr. 1, Abs. 2 in Bezug auf Abs. 1 Nr. 1, Abs. 3 Nr. 1, Abs. 4 Nr. 1 StGB;voll.;6;6;0;6;6;0;0;0;0;0;0;0;0;0;0;0;0;0;0;0;0;0;0;0
239310;Veranlassen zur Aufnahme einer ausbeuterischen Beschäftigung § 232b Abs. 1 Nr. 1, Abs. 2 in Bezug auf Abs. 1 Nr. 1, Abs. 3 Nr. 1, Abs. 4 Nr. 1 StGB;vers.;0;0;0;0;0;0;0;0;0;0;0;0;0;0;0;0;0;0;0;0;0;0;0;0
239310;Veranlassen zur Aufnahme einer ausbeuterischen Beschäftigung § 232b Abs. 1 Nr. 1, Abs. 2 in Bezug auf Abs. 1 Nr. 1, Abs. 3 Nr. 1, Abs. 4 Nr. 1 StGB;insg.;6;6;0;6;6;0;0;0;0;0;0;0;0;0;0;0;0;0;0;0;0;0;0;0
239320;Veranlassen sich in Sklaverei, Leibeigenschaft, Schuldknechtschaft o.ä. zu begeben § 232b Abs. 1 Nr. 2, Abs. 2 in Bezug auf Abs. 1 Nr. 2, Abs. 3 Nr. 2, Abs. 4 Nr. 2 StGB;voll.;2;2;0;2;2;0;1;1;0;1;1;0;0;0;0;0;0;0;0;0;0;0;0;0
239320;Veranlassen sich in Sklaverei, Leibeigenschaft, Schuldknechtschaft o.ä. zu begeben § 232b Abs. 1 Nr. 2, Abs. 2 in Bezug auf Abs. 1 Nr. 2, Abs. 3 Nr. 2, Abs. 4 Nr. 2 StGB;vers.;0;0;0;0;0;0;0;0;0;0;0;0;0;0;0;0;0;0;0;0;0;0;0;0
239320;Veranlassen sich in Sklaverei, Leibeigenschaft, Schuldknechtschaft o.ä. zu begeben § 232b Abs. 1 Nr. 2, Abs. 2 in Bezug auf Abs. 1 Nr. 2, Abs. 3 Nr. 2, Abs. 4 Nr. 2 StGB;insg.;2;2;0;2;2;0;1;1;0;1;1;0;0;0;0;0;0;0;0;0;0;0;0;0
239330;Veranlassen zur Aufnahme oder Fortsetzung der Bettelei, durch die die Person ausgebeutet wird § 232b Abs. 1 Nr. 3, Abs. 2 in Bezug auf Abs. 1 Nr. 3, Abs. 3 Nr. 3, Abs. 4 Nr. 3 StGB;voll.;0;0;0;0;0;0;0;0;0;0;0;0;0;0;0;0;0;0;0;0;0;0;0;0
239330;Veranlassen zur Aufnahme oder Fortsetzung der Bettelei, durch die die Person ausgebeutet wird § 232b Abs. 1 Nr. 3, Abs. 2 in Bezug auf Abs. 1 Nr. 3, Abs. 3 Nr. 3, Abs. 4 Nr. 3 StGB;vers.;0;0;0;0;0;0;0;0;0;0;0;0;0;0;0;0;0;0;0;0;0;0;0;0
239330;Veranlassen zur Aufnahme oder Fortsetzung der Bettelei, durch die die Person ausgebeutet wird § 232b Abs. 1 Nr. 3, Abs. 2 in Bezug auf Abs. 1 Nr. 3, Abs. 3 Nr. 3, Abs. 4 Nr. 3 StGB;insg.;0;0;0;0;0;0;0;0;0;0;0;0;0;0;0;0;0;0;0;0;0;0;0;0
239400;Ausbeutung der Arbeitskraft § 233 StGB;voll.;13;10;3;11;10;1;0;0;0;0;0;0;0;0;0;0;0;0;0;0;0;0;0;0
239400;Ausbeutung der Arbeitskraft § 233 StGB;vers.;0;0;0;0;0;0;0;0;0;0;0;0;0;0;0;0;0;0;0;0;0;0;0;0
239400;Ausbeutung der Arbeitskraft § 233 StGB;insg.;13;10;3;11;10;1;0;0;0;0;0;0;0;0;0;0;0;0;0;0;0;0;0;0
239410;Ausbeutung durch eine Beschäftigung § 233 Abs. 1 Nr. 1, Abs. 2 in Fällen von Abs. 1 Nr. 1, Abs. 3 in Fällen von Abs. 1 Nr. 1, Abs. 4 in Bezug auf Abs. 1 Nr. 1, Abs. 5 in Bezug auf Abs. 1 Nr. 1 StGB;voll.;8;8;0;8;8;0;0;0;0;0;0;0;0;0;0;0;0;0;0;0;0;0;0;0
239410;Ausbeutung durch eine Beschäftigung § 233 Abs. 1 Nr. 1, Abs. 2 in Fällen von Abs. 1 Nr. 1, Abs. 3 in Fällen von Abs. 1 Nr. 1, Abs. 4 in Bezug auf Abs. 1 Nr. 1, Abs. 5 in Bezug auf Abs. 1 Nr. 1 StGB;vers.;0;0;0;0;0;0;0;0;0;0;0;0;0;0;0;0;0;0;0;0;0;0;0;0
239410;Ausbeutung durch eine Beschäftigung § 233 Abs. 1 Nr. 1, Abs. 2 in Fällen von Abs. 1 Nr. 1, Abs. 3 in Fällen von Abs. 1 Nr. 1, Abs. 4 in Bezug auf Abs. 1 Nr. 1, Abs. 5 in Bezug auf Abs. 1 Nr. 1 StGB;insg.;8;8;0;8;8;0;0;0;0;0;0;0;0;0;0;0;0;0;0;0;0;0;0;0
239420;Ausbeutung bei der Ausübung der Bettelei § 233 Abs. 1 Nr. 2, Abs. 2 in Fällen von Abs. 1 Nr. 2, Abs. 3 in Fällen von Abs. 1 Nr. 2, Abs. 4 in Bezug auf Abs. 1 Nr. 2 StGB;voll.;0;0;0;0;0;0;0;0;0;0;0;0;0;0;0;0;0;0;0;0;0;0;0;0
239420;Ausbeutung bei der Ausübung der Bettelei § 233 Abs. 1 Nr. 2, Abs. 2 in Fällen von Abs. 1 Nr. 2, Abs. 3 in Fällen von Abs. 1 Nr. 2, Abs. 4 in Bezug auf Abs. 1 Nr. 2 StGB;vers.;0;0;0;0;0;0;0;0;0;0;0;0;0;0;0;0;0;0;0;0;0;0;0;0
239420;Ausbeutung bei der Ausübung der Bettelei § 233 Abs. 1 Nr. 2, Abs. 2 in Fällen von Abs. 1 Nr. 2, Abs. 3 in Fällen von Abs. 1 Nr. 2, Abs. 4 in Bezug auf Abs. 1 Nr. 2 StGB;insg.;0;0;0;0;0;0;0;0;0;0;0;0;0;0;0;0;0;0;0;0;0;0;0;0
239430;Ausbeutung bei der Begehung von mit Strafe bedrohten Handlungen § 233 Abs. 1 Nr. 3, Abs. 2 in Fällen von Abs. 1 Nr. 3, Abs. 3 in Fällen von Abs. 1 Nr. 3, Abs. 4 in Bezug auf Abs. 1 Nr. 3 StGB;voll.;5;2;3;3;2;1;0;0;0;0;0;0;0;0;0;0;0;0;0;0;0;0;0;0
239430;Ausbeutung bei der Begehung von mit Strafe bedrohten Handlungen § 233 Abs. 1 Nr. 3, Abs. 2 in Fällen von Abs. 1 Nr. 3, Abs. 3 in Fällen von Abs. 1 Nr. 3, Abs. 4 in Bezug auf Abs. 1 Nr. 3 StGB;vers.;0;0;0;0;0;0;0;0;0;0;0;0;0;0;0;0;0;0;0;0;0;0;0;0
239430;Ausbeutung bei der Begehung von mit Strafe bedrohten Handlungen § 233 Abs. 1 Nr. 3, Abs. 2 in Fällen von Abs. 1 Nr. 3, Abs. 3 in Fällen von Abs. 1 Nr. 3, Abs. 4 in Bezug auf Abs. 1 Nr. 3 StGB;insg.;5;2;3;3;2;1;0;0;0;0;0;0;0;0;0;0;0;0;0;0;0;0;0;0
239500;Ausbeutung unter Ausnutzung einer Freiheitsberaubung § 233a StGB;voll.;38;10;28;28;7;21;0;0;0;0;0;0;0;0;0;0;0;0;0;0;0;0;0;0
239500;Ausbeutung unter Ausnutzung einer Freiheitsberaubung § 233a StGB;vers.;1;0;1;1;0;1;0;0;0;0;0;0;0;0;0;0;0;0;0;0;0;0;0;0
239500;Ausbeutung unter Ausnutzung einer Freiheitsberaubung § 233a StGB;insg.;39;10;29;29;7;22;0;0;0;0;0;0;0;0;0;0;0;0;0;0;0;0;0;0
239510;Ausbeutung bei Ausübung der Prostitution § 233a Abs. 1 Nr. 1, Abs. 2 in Bezug auf Abs. 1 Nr. 1, Abs. 3 in Bezug auf Abs. 1 Nr. 1, Abs. 4 in Bezug auf Abs. 1 Nr. 1 StGB;voll.;25;0;25;20;0;20;0;0;0;0;0;0;0;0;0;0;0;0;0;0;0;0;0;0
239510;Ausbeutung bei Ausübung der Prostitution § 233a Abs. 1 Nr. 1, Abs. 2 in Bezug auf Abs. 1 Nr. 1, Abs. 3 in Bezug auf Abs. 1 Nr. 1, Abs. 4 in Bezug auf Abs. 1 Nr. 1 StGB;vers.;1;0;1;1;0;1;0;0;0;0;0;0;0;0;0;0;0;0;0;0;0;0;0;0
239510;Ausbeutung bei Ausübung der Prostitution § 233a Abs. 1 Nr. 1, Abs. 2 in Bezug auf Abs. 1 Nr. 1, Abs. 3 in Bezug auf Abs. 1 Nr. 1, Abs. 4 in Bezug auf Abs. 1 Nr. 1 StGB;insg.;26;0;26;21;0;21;0;0;0;0;0;0;0;0;0;0;0;0;0;0;0;0;0;0
239520;Ausbeutung durch eine Beschäftigung nach § 232 Abs. 1 Satz 2 StGB (gem. § 233a Abs. 1 Nr. 2, Abs. 2 in Bezug auf Abs. 1 Nr. 2, Abs. 3 in Bezug auf Abs. 1 Nr. 2, Abs. 4 in Bezug auf Abs. 1 Nr. 2 StGB);voll.;10;8;2;6;6;0;0;0;0;0;0;0;0;0;0;0;0;0;0;0;0;0;0;0
239520;Ausbeutung durch eine Beschäftigung nach § 232 Abs. 1 Satz 2 StGB (gem. § 233a Abs. 1 Nr. 2, Abs. 2 in Bezug auf Abs. 1 Nr. 2, Abs. 3 in Bezug auf Abs. 1 Nr. 2, Abs. 4 in Bezug auf Abs. 1 Nr. 2 StGB);vers.;0;0;0;0;0;0;0;0;0;0;0;0;0;0;0;0;0;0;0;0;0;0;0;0
239520;Ausbeutung durch eine Beschäftigung nach § 232 Abs. 1 Satz 2 StGB (gem. § 233a Abs. 1 Nr. 2, Abs. 2 in Bezug auf Abs. 1 Nr. 2, Abs. 3 in Bezug auf Abs. 1 Nr. 2, Abs. 4 in Bezug auf Abs. 1 Nr. 2 StGB);insg.;10;8;2;6;6;0;0;0;0;0;0;0;0;0;0;0;0;0;0;0;0;0;0;0
239530;Ausbeutung bei der Ausübung der Bettelei § 233a Abs. 1 Nr. 3, Abs. 2 in Bezug auf Abs. 1 Nr. 3, Abs. 3 in Bezug auf Abs. 1 Nr. 3, Abs. 4 in Bezug auf Abs. 1 Nr. 3 StGB;voll.;1;1;0;1;1;0;0;0;0;0;0;0;0;0;0;0;0;0;0;0;0;0;0;0
239530;Ausbeutung bei der Ausübung der Bettelei § 233a Abs. 1 Nr. 3, Abs. 2 in Bezug auf Abs. 1 Nr. 3, Abs. 3 in Bezug auf Abs. 1 Nr. 3, Abs. 4 in Bezug auf Abs. 1 Nr. 3 StGB;vers.;0;0;0;0;0;0;0;0;0;0;0;0;0;0;0;0;0;0;0;0;0;0;0;0
239530;Ausbeutung bei der Ausübung der Bettelei § 233a Abs. 1 Nr. 3, Abs. 2 in Bezug auf Abs. 1 Nr. 3, Abs. 3 in Bezug auf Abs. 1 Nr. 3, Abs. 4 in Bezug auf Abs. 1 Nr. 3 StGB;insg.;1;1;0;1;1;0;0;0;0;0;0;0;0;0;0;0;0;0;0;0;0;0;0;0
239540;Ausbeutung bei der Begehung von mit Strafe bedrohten Handlungen § 233a Abs. 1 Nr. 4, Abs. 2 in Bezug auf Abs. 1 Nr. 4, Abs. 3 in Bezug auf Abs. 1 Nr. 4, Abs. 4 in Bezug auf Abs. 1 Nr. 4 StGB;voll.;2;1;1;1;0;1;0;0;0;0;0;0;0;0;0;0;0;0;0;0;0;0;0;0
239540;Ausbeutung bei der Begehung von mit Strafe bedrohten Handlungen § 233a Abs. 1 Nr. 4, Abs. 2 in Bezug auf Abs. 1 Nr. 4, Abs. 3 in Bezug auf Abs. 1 Nr. 4, Abs. 4 in Bezug auf Abs. 1 Nr. 4 StGB;vers.;0;0;0;0;0;0;0;0;0;0;0;0;0;0;0;0;0;0;0;0;0;0;0;0
239540;Ausbeutung bei der Begehung von mit Strafe bedrohten Handlungen § 233a Abs. 1 Nr. 4, Abs. 2 in Bezug auf Abs. 1 Nr. 4, Abs. 3 in Bezug auf Abs. 1 Nr. 4, Abs. 4 in Bezug auf Abs. 1 Nr. 4 StGB;insg.;2;1;1;1;0;1;0;0;0;0;0;0;0;0;0;0;0;0;0;0;0;0;0;0
621100;Widerstand gegen und tätlicher Angriff auf Vollstreckungsbeamte und gleichstehende Personen §§ 113-115 StGB;voll.;87,244;69,149;18,095;85,164;67,716;17,448;732;659;73;658;609;49;41;26;15;18;14;4;6;5;1;9;5;4
621100;Widerstand gegen und tätlicher Angriff auf Vollstreckungsbeamte und gleichstehende Personen §§ 113-115 StGB;vers.;0;0;0;0;0;0;0;0;0;0;0;0;0;0;0;0;0;0;0;0;0;0;0;0
621100;Widerstand gegen und tätlicher Angriff auf Vollstreckungsbeamte und gleichstehende Personen §§ 113-115 StGB;insg.;87,244;69,149;18,095;85,164;67,716;17,448;732;659;73;658;609;49;41;26;15;18;14;4;6;5;1;9;5;4
621110;Widerstand gegen Vollstreckungsbeamte und gleichstehende Personen §§ 113, 115 StGB;voll.;52,110;41,527;10,583;50,899;40,667;10,232;436;397;39;399;372;27;23;15;8;9;7;2;2;2;0;3;1;2
621110;Widerstand gegen Vollstreckungsbeamte und gleichstehende Personen §§ 113, 115 StGB;vers.;0;0;0;0;0;0;0;0;0;0;0;0;0;0;0;0;0;0;0;0;0;0;0;0
621110;Widerstand gegen Vollstreckungsbeamte und gleichstehende Personen §§ 113, 115 StGB;insg.;52,110;41,527;10,583;50,899;40,667;10,232;436;397;39;399;372;27;23;15;8;9;7;2;2;2;0;3;1;2
621120;Tätlicher Angriff auf Vollstreckungsbeamte und gleichstehende Personen §§ 114, 115 StGB;voll.;35,134;27,622;7,512;34,265;27,049;7,216;296;262;34;259;237;22;18;11;7;9;7;2;4;3;1;6;4;2
621120;Tätlicher Angriff auf Vollstreckungsbeamte und gleichstehende Personen §§ 114, 115 StGB;vers.;0;0;0;0;0;0;0;0;0;0;0;0;0;0;0;0;0;0;0;0;0;0;0;0
621120;Tätlicher Angriff auf Vollstreckungsbeamte und gleichstehende Personen §§ 114, 115 StGB;insg.;35,134;27,622;7,512;34,265;27,049;7,216;296;262;34;259;237;22;18;11;7;9;7;2;4;3;1;6;4;2
641000;(Vorsätzliche) Brandstiftung und Herbeiführen einer Brandgefahr §§ 306-306c, 306f Abs. 1 und 2 StGB;voll.;2;1;1;2;1;1;2;1;1;0;0;0;0;0;0;0;0;0;2;1;1;0;0;0
641000;(Vorsätzliche) Brandstiftung und Herbeiführen einer Brandgefahr §§ 306-306c, 306f Abs. 1 und 2 StGB;vers.;0;0;0;0;0;0;0;0;0;0;0;0;0;0;0;0;0;0;0;0;0;0;0;0
641000;(Vorsätzliche) Brandstiftung und Herbeiführen einer Brandgefahr §§ 306-306c, 306f Abs. 1 und 2 StGB;insg.;2;1;1;2;1;1;2;1;1;0;0;0;0;0;0;0;0;0;2;1;1;0;0;0
641040;Brandstiftung mit Todesfolge;voll.;2;1;1;2;1;1;2;1;1;0;0;0;0;0;0;0;0;0;2;1;1;0;0;0
641040;Brandstiftung mit Todesfolge;vers.;0;0;0;0;0;0;0;0;0;0;0;0;0;0;0;0;0;0;0;0;0;0;0;0
641040;Brandstiftung mit Todesfolge;insg.;2;1;1;2;1;1;2;1;1;0;0;0;0;0;0;0;0;0;2;1;1;0;0;0
655100;Körperverletzung im Amt § 340 StGB;voll.;2,164;1,698;466;1,703;1,328;375;175;126;49;86;64;22;42;32;10;24;15;9;18;13;5;5;2;3
655100;Körperverletzung im Amt § 340 StGB;vers.;48;36;12;41;31;10;3;3;0;1;1;0;2;2;0;0;0;0;0;0;0;0;0;0
655100;Körperverletzung im Amt § 340 StGB;insg.;2,212;1,734;478;1,744;1,359;385;178;129;49;87;65;22;44;34;10;24;15;9;18;13;5;5;2;3
670021;Aussetzung;voll.;93;52;41;56;30;26;28;14;14;2;2;0;6;3;3;3;0;3;5;2;3;12;7;5
670021;Aussetzung;vers.;5;2;3;3;1;2;0;0;0;0;0;0;0;0;0;0;0;0;0;0;0;0;0;0
670021;Aussetzung;insg.;98;54;44;59;31;28;28;14;14;2;2;0;6;3;3;3;0;3;5;2;3;12;7;5
725400;Einschleusen mit Todesfolge, gewerbs- und bandenmäßiges Einschleusen von Ausländern § 97 Aufenthaltsgesetz;voll.;1;1;0;1;1;0;0;0;0;0;0;0;0;0;0;0;0;0;0;0;0;0;0;0
725400;Einschleusen mit Todesfolge, gewerbs- und bandenmäßiges Einschleusen von Ausländern § 97 Aufenthaltsgesetz;vers.;0;0;0;0;0;0;0;0;0;0;0;0;0;0;0;0;0;0;0;0;0;0;0;0
725400;Einschleusen mit Todesfolge, gewerbs- und bandenmäßiges Einschleusen von Ausländern § 97 Aufenthaltsgesetz;insg.;1;1;0;1;1;0;0;0;0;0;0;0;0;0;0;0;0;0;0;0;0;0;0;0
725410;Einschleusen mit Todesfolge § 97 Abs. 1 Aufenthaltsgesetz;voll.;1;1;0;1;1;0;0;0;0;0;0;0;0;0;0;0;0;0;0;0;0;0;0;0
725410;Einschleusen mit Todesfolge § 97 Abs. 1 Aufenthaltsgesetz;vers.;0;0;0;0;0;0;0;0;0;0;0;0;0;0;0;0;0;0;0;0;0;0;0;0
725410;Einschleusen mit Todesfolge § 97 Abs. 1 Aufenthaltsgesetz;insg.;1;1;0;1;1;0;0;0;0;0;0;0;0;0;0;0;0;0;0;0;0;0;0;0
734600;Leichtfertige Verursachung des Todes eines Anderen durch Abgabe pp. von Betäubungsmitteln § 30 Abs. 1 Nr. 3 BtMG;voll.;36;25;11;28;20;8;1;1;0;0;0;0;1;1;0;0;0;0;0;0;0;0;0;0
734600;Leichtfertige Verursachung des Todes eines Anderen durch Abgabe pp. von Betäubungsmitteln § 30 Abs. 1 Nr. 3 BtMG;vers.;0;0;0;0;0;0;0;0;0;0;0;0;0;0;0;0;0;0;0;0;0;0;0;0
734600;Leichtfertige Verursachung des Todes eines Anderen durch Abgabe pp. von Betäubungsmitteln § 30 Abs. 1 Nr. 3 BtMG;insg.;36;25;11;28;20;8;1;1;0;0;0;0;1;1;0;0;0;0;0;0;0;0;0;0
892000;Gewaltkriminalität;voll.;159,852;109,655;50,197;115,565;79,570;35,995;9,491;5,747;3,744;3,632;2,456;1,176;1,943;1,300;643;1,306;796;510;880;467;413;1,730;728;1,002
892000;Gewaltkriminalität;vers.;35,516;24,401;11,115;28,329;19,425;8,904;3,081;1,858;1,223;1,267;838;429;655;395;260;429;248;181;295;160;135;435;217;218
892000;Gewaltkriminalität;insg.;195,368;134,056;61,312;143,894;98,995;44,899;12,572;7,605;4,967;4,899;3,294;1,605;2,598;1,695;903;1,735;1,044;691;1,175;627;548;2,165;945;1,220
892500;Mord, Totschlag und Tötung auf Verlangen;voll.;621;310;311;512;255;257;200;77;123;31;14;17;29;17;12;21;10;11;33;10;23;86;26;60
892500;Mord, Totschlag und Tötung auf Verlangen;vers.;2,015;1,480;535;1,717;1,253;464;233;138;95;72;54;18;48;30;18;38;21;17;20;8;12;55;25;30
892500;Mord, Totschlag und Tötung auf Verlangen;insg.;2,636;1,790;846;2,229;1,508;721;433;215;218;103;68;35;77;47;30;59;31;28;53;18;35;141;51;90
